/*
 Navicat Premium Data Transfer

 Source Server         : localhost-root-1qazxsw2!
 Source Server Type    : MySQL
 Source Server Version : 50726
 Source Host           : localhost:3306
 Source Schema         : discipline_inspection_commmission_flow

 Target Server Type    : MySQL
 Target Server Version : 50726
 File Encoding         : 65001

 Date: 24/04/2020 17:07:09
*/

SET NAMES utf8mb4;
SET FOREIGN_KEY_CHECKS = 0;

-- ----------------------------
-- Table structure for act_evt_log
-- ----------------------------
DROP TABLE IF EXISTS `act_evt_log`;
CREATE TABLE `act_evt_log`  (
  `LOG_NR_` bigint(20) NOT NULL AUTO_INCREMENT,
  `TYPE_` varchar(64) CHARACTER SET utf8 COLLATE utf8_bin NULL DEFAULT NULL,
  `PROC_DEF_ID_` varchar(64) CHARACTER SET utf8 COLLATE utf8_bin NULL DEFAULT NULL,
  `PROC_INST_ID_` varchar(64) CHARACTER SET utf8 COLLATE utf8_bin NULL DEFAULT NULL,
  `EXECUTION_ID_` varchar(64) CHARACTER SET utf8 COLLATE utf8_bin NULL DEFAULT NULL,
  `TASK_ID_` varchar(64) CHARACTER SET utf8 COLLATE utf8_bin NULL DEFAULT NULL,
  `TIME_STAMP_` timestamp(3) NOT NULL DEFAULT CURRENT_TIMESTAMP(3) ON UPDATE CURRENT_TIMESTAMP(3),
  `USER_ID_` varchar(255) CHARACTER SET utf8 COLLATE utf8_bin NULL DEFAULT NULL,
  `DATA_` longblob NULL,
  `LOCK_OWNER_` varchar(255) CHARACTER SET utf8 COLLATE utf8_bin NULL DEFAULT NULL,
  `LOCK_TIME_` timestamp(3) NULL DEFAULT NULL,
  `IS_PROCESSED_` tinyint(4) NULL DEFAULT 0,
  PRIMARY KEY (`LOG_NR_`) USING BTREE
) ENGINE = InnoDB AUTO_INCREMENT = 1 CHARACTER SET = utf8 COLLATE = utf8_bin ROW_FORMAT = Dynamic;

-- ----------------------------
-- Records of act_evt_log
-- ----------------------------

-- ----------------------------
-- Table structure for act_ge_bytearray
-- ----------------------------
DROP TABLE IF EXISTS `act_ge_bytearray`;
CREATE TABLE `act_ge_bytearray`  (
  `ID_` varchar(64) CHARACTER SET utf8 COLLATE utf8_bin NOT NULL,
  `REV_` int(11) NULL DEFAULT NULL,
  `NAME_` varchar(255) CHARACTER SET utf8 COLLATE utf8_bin NULL DEFAULT NULL,
  `DEPLOYMENT_ID_` varchar(64) CHARACTER SET utf8 COLLATE utf8_bin NULL DEFAULT NULL,
  `BYTES_` longblob NULL,
  `GENERATED_` tinyint(4) NULL DEFAULT NULL,
  PRIMARY KEY (`ID_`) USING BTREE,
  INDEX `ACT_FK_BYTEARR_DEPL`(`DEPLOYMENT_ID_`) USING BTREE,
  CONSTRAINT `ACT_FK_BYTEARR_DEPL` FOREIGN KEY (`DEPLOYMENT_ID_`) REFERENCES `act_re_deployment` (`ID_`) ON DELETE RESTRICT ON UPDATE RESTRICT
) ENGINE = InnoDB CHARACTER SET = utf8 COLLATE = utf8_bin ROW_FORMAT = Dynamic;

-- ----------------------------
-- Records of act_ge_bytearray
-- ----------------------------
INSERT INTO `act_ge_bytearray` VALUES ('12502', 1, 'ClueReview.bpmn20.xml', '12501', 0x3C3F786D6C2076657273696F6E3D22312E302220656E636F64696E673D225554462D38223F3E0A3C646566696E6974696F6E7320786D6C6E733D22687474703A2F2F7777772E6F6D672E6F72672F737065632F42504D4E2F32303130303532342F4D4F44454C2220786D6C6E733A7873693D22687474703A2F2F7777772E77332E6F72672F323030312F584D4C536368656D612D696E7374616E63652220786D6C6E733A7873643D22687474703A2F2F7777772E77332E6F72672F323030312F584D4C536368656D612220786D6C6E733A666C6F7761626C653D22687474703A2F2F666C6F7761626C652E6F72672F62706D6E2220786D6C6E733A62706D6E64693D22687474703A2F2F7777772E6F6D672E6F72672F737065632F42504D4E2F32303130303532342F44492220786D6C6E733A6F6D6764633D22687474703A2F2F7777772E6F6D672E6F72672F737065632F44442F32303130303532342F44432220786D6C6E733A6F6D6764693D22687474703A2F2F7777772E6F6D672E6F72672F737065632F44442F32303130303532342F44492220747970654C616E67756167653D22687474703A2F2F7777772E77332E6F72672F323030312F584D4C536368656D61222065787072657373696F6E4C616E67756167653D22687474703A2F2F7777772E77332E6F72672F313939392F585061746822207461726765744E616D6573706163653D22687474703A2F2F7777772E666C6F7761626C652E6F72672F70726F63657373646566223E0A20203C70726F636573732069643D22436C756552657669657722206E616D653D22436C75655265766965772220697345786563757461626C653D2274727565223E0A202020203C73746172744576656E742069643D2273746172744576656E7431223E0A2020202020203C657874656E73696F6E456C656D656E74733E0A20202020202020203C666C6F7761626C653A666F726D50726F70657274792069643D227469746C6522206E616D653D22E69687E4BBB6E6A087E9A2982220747970653D22737472696E67222072657175697265643D2274727565223E3C2F666C6F7761626C653A666F726D50726F70657274793E0A2020202020203C2F657874656E73696F6E456C656D656E74733E0A202020203C2F73746172744576656E743E0A202020203C757365725461736B2069643D227369642D43384531363039332D453545392D343334452D393138442D35313336454245313432443222206E616D653D22E69CACE5A794E9A286E5AFBCE5AEA1E689B92220666C6F7761626C653A63616E64696461746547726F7570733D224C6574746572436C75655265766965773A62776C64223E0A2020202020203C657874656E73696F6E456C656D656E74733E0A20202020202020203C666C6F7761626C653A666F726D50726F70657274792069643D2262776C645F636F6E74656E7422206E616D653D22E69CACE5A794E9A286E5AFBCE689B9E7A4BA2220747970653D22737472696E67222072657175697265643D2274727565223E3C2F666C6F7761626C653A666F726D50726F70657274793E0A2020202020203C2F657874656E73696F6E456C656D656E74733E0A202020203C2F757365725461736B3E0A202020203C757365725461736B2069643D227369642D43433441363035312D353031312D344537362D393636422D31334635463841323443393922206E616D653D22E58886E7AEA1E589AFE4B9A6E8AEB0E6848FE8A7812220666C6F7761626C653A63616E64696461746547726F7570733D224C6574746572436C75655265766965773A666766736A223E0A2020202020203C657874656E73696F6E456C656D656E74733E0A20202020202020203C666C6F7761626C653A666F726D50726F70657274792069643D22666766736A5F636F6E74656E7422206E616D653D22E58886E7AEA1E589AFE4B9A6E8AEB0E6848FE8A7812220747970653D22737472696E67222072657175697265643D2274727565223E3C2F666C6F7761626C653A666F726D50726F70657274793E0A2020202020203C2F657874656E73696F6E456C656D656E74733E0A202020203C2F757365725461736B3E0A202020203C757365725461736B2069643D227369642D43363930303332322D463346372D343633422D383036442D39393646453646324643393422206E616D653D22E4B8BBE7AEA1E5B8B8E5A794E6848FE8A7812220666C6F7761626C653A63616E64696461746547726F7570733D224C6574746572436C75655265766965773A7A676377223E0A2020202020203C657874656E73696F6E456C656D656E74733E0A20202020202020203C666C6F7761626C653A666F726D50726F70657274792069643D227A6763775F636F6E74656E7422206E616D653D22E4B8BBE7AEA1E5B8B8E5A794E6848FE8A7812220747970653D22737472696E67222072657175697265643D2274727565223E3C2F666C6F7761626C653A666F726D50726F70657274793E0A2020202020203C2F657874656E73696F6E456C656D656E74733E0A202020203C2F757365725461736B3E0A202020203C757365725461736B2069643D227369642D35373038423230372D414530322D344635392D413241392D35463036314632413142393022206E616D653D22E5AEA1E69FA5E5AEA4E6848FE8A7812220666C6F7761626C653A63616E64696461746547726F7570733D224C6574746572436C75655265766965773A736373223E0A2020202020203C657874656E73696F6E456C656D656E74733E0A20202020202020203C666C6F7761626C653A666F726D50726F70657274792069643D227363735F636F6E74656E7422206E616D653D22E5AEA1E69FA5E5AEA4E6848FE8A7812220747970653D22737472696E67222072657175697265643D2274727565223E3C2F666C6F7761626C653A666F726D50726F70657274793E0A2020202020203C2F657874656E73696F6E456C656D656E74733E0A202020203C2F757365725461736B3E0A202020203C656E644576656E742069643D227369642D36364235323141352D423032412D344546352D383536372D354231423235374636313032223E3C2F656E644576656E743E0A202020203C73657175656E6365466C6F772069643D227369642D43463743463944352D333233302D343546322D423446382D4135303931353434393039302220736F757263655265663D2273746172744576656E743122207461726765745265663D227369642D43384531363039332D453545392D343334452D393138442D353133364542453134324432223E3C2F73657175656E6365466C6F773E0A202020203C73657175656E6365466C6F772069643D227369642D44304343384641432D373845312D344345322D393236302D4145344644313532423534462220736F757263655265663D227369642D43384531363039332D453545392D343334452D393138442D35313336454245313432443222207461726765745265663D227369642D43433441363035312D353031312D344537362D393636422D313346354638413234433939223E3C2F73657175656E6365466C6F773E0A202020203C73657175656E6365466C6F772069643D227369642D39454230343132412D393039302D344244322D383044382D3135393944303339414636312220736F757263655265663D227369642D43433441363035312D353031312D344537362D393636422D31334635463841323443393922207461726765745265663D227369642D43363930303332322D463346372D343633422D383036442D393936464536463246433934223E3C2F73657175656E6365466C6F773E0A202020203C73657175656E6365466C6F772069643D227369642D30364538424137302D353231432D344341372D393944342D4445453039374134383344442220736F757263655265663D227369642D43363930303332322D463346372D343633422D383036442D39393646453646324643393422207461726765745265663D227369642D35373038423230372D414530322D344635392D413241392D354630363146324131423930223E3C2F73657175656E6365466C6F773E0A202020203C73657175656E6365466C6F772069643D227369642D42443836393630392D323035462D343234442D423430372D4130373536383146313436442220736F757263655265663D227369642D35373038423230372D414530322D344635392D413241392D35463036314632413142393022207461726765745265663D227369642D36364235323141352D423032412D344546352D383536372D354231423235374636313032223E3C2F73657175656E6365466C6F773E0A20203C2F70726F636573733E0A20203C62706D6E64693A42504D4E4469616772616D2069643D2242504D4E4469616772616D5F436C7565526576696577223E0A202020203C62706D6E64693A42504D4E506C616E652062706D6E456C656D656E743D22436C7565526576696577222069643D2242504D4E506C616E655F436C7565526576696577223E0A2020202020203C62706D6E64693A42504D4E53686170652062706D6E456C656D656E743D2273746172744576656E7431222069643D2242504D4E53686170655F73746172744576656E7431223E0A20202020202020203C6F6D6764633A426F756E6473206865696768743D2233302E30222077696474683D2233302E302220783D2231352E302220793D223135322E30223E3C2F6F6D6764633A426F756E64733E0A2020202020203C2F62706D6E64693A42504D4E53686170653E0A2020202020203C62706D6E64693A42504D4E53686170652062706D6E456C656D656E743D227369642D43384531363039332D453545392D343334452D393138442D353133364542453134324432222069643D2242504D4E53686170655F7369642D43384531363039332D453545392D343334452D393138442D353133364542453134324432223E0A20202020202020203C6F6D6764633A426F756E6473206865696768743D2238302E30222077696474683D223130302E302220783D223130352E302220793D223132372E30223E3C2F6F6D6764633A426F756E64733E0A2020202020203C2F62706D6E64693A42504D4E53686170653E0A2020202020203C62706D6E64693A42504D4E53686170652062706D6E456C656D656E743D227369642D43433441363035312D353031312D344537362D393636422D313346354638413234433939222069643D2242504D4E53686170655F7369642D43433441363035312D353031312D344537362D393636422D313346354638413234433939223E0A20202020202020203C6F6D6764633A426F756E6473206865696768743D2238302E30222077696474683D223130302E302220783D223235352E302220793D223132372E30223E3C2F6F6D6764633A426F756E64733E0A2020202020203C2F62706D6E64693A42504D4E53686170653E0A2020202020203C62706D6E64693A42504D4E53686170652062706D6E456C656D656E743D227369642D43363930303332322D463346372D343633422D383036442D393936464536463246433934222069643D2242504D4E53686170655F7369642D43363930303332322D463346372D343633422D383036442D393936464536463246433934223E0A20202020202020203C6F6D6764633A426F756E6473206865696768743D2238302E30222077696474683D223130302E302220783D223430352E302220793D223132372E30223E3C2F6F6D6764633A426F756E64733E0A2020202020203C2F62706D6E64693A42504D4E53686170653E0A2020202020203C62706D6E64693A42504D4E53686170652062706D6E456C656D656E743D227369642D35373038423230372D414530322D344635392D413241392D354630363146324131423930222069643D2242504D4E53686170655F7369642D35373038423230372D414530322D344635392D413241392D354630363146324131423930223E0A20202020202020203C6F6D6764633A426F756E6473206865696768743D2238302E30222077696474683D223130302E302220783D223535352E302220793D223132382E30223E3C2F6F6D6764633A426F756E64733E0A2020202020203C2F62706D6E64693A42504D4E53686170653E0A2020202020203C62706D6E64693A42504D4E53686170652062706D6E456C656D656E743D227369642D36364235323141352D423032412D344546352D383536372D354231423235374636313032222069643D2242504D4E53686170655F7369642D36364235323141352D423032412D344546352D383536372D354231423235374636313032223E0A20202020202020203C6F6D6764633A426F756E6473206865696768743D2232382E30222077696474683D2232382E302220783D223732302E302220793D223135342E30223E3C2F6F6D6764633A426F756E64733E0A2020202020203C2F62706D6E64693A42504D4E53686170653E0A2020202020203C62706D6E64693A42504D4E456467652062706D6E456C656D656E743D227369642D30364538424137302D353231432D344341372D393944342D444545303937413438334444222069643D2242504D4E456467655F7369642D30364538424137302D353231432D344341372D393944342D444545303937413438334444223E0A20202020202020203C6F6D6764693A776179706F696E7420783D223530342E393439393939393939393937332220793D223136372E333333223E3C2F6F6D6764693A776179706F696E743E0A20202020202020203C6F6D6764693A776179706F696E7420783D223535352E302220793D223136372E3636363636363636363636363639223E3C2F6F6D6764693A776179706F696E743E0A2020202020203C2F62706D6E64693A42504D4E456467653E0A2020202020203C62706D6E64693A42504D4E456467652062706D6E456C656D656E743D227369642D44304343384641432D373845312D344345322D393236302D414534464431353242353446222069643D2242504D4E456467655F7369642D44304343384641432D373845312D344345322D393236302D414534464431353242353446223E0A20202020202020203C6F6D6764693A776179706F696E7420783D223230342E39352220793D223136372E30223E3C2F6F6D6764693A776179706F696E743E0A20202020202020203C6F6D6764693A776179706F696E7420783D223235352E302220793D223136372E30223E3C2F6F6D6764693A776179706F696E743E0A2020202020203C2F62706D6E64693A42504D4E456467653E0A2020202020203C62706D6E64693A42504D4E456467652062706D6E456C656D656E743D227369642D42443836393630392D323035462D343234442D423430372D413037353638314631343644222069643D2242504D4E456467655F7369642D42443836393630392D323035462D343234442D423430372D413037353638314631343644223E0A20202020202020203C6F6D6764693A776179706F696E7420783D223635342E393439393939393939393939392220793D223136382E30223E3C2F6F6D6764693A776179706F696E743E0A20202020202020203C6F6D6764693A776179706F696E7420783D223732302E302220793D223136382E30223E3C2F6F6D6764693A776179706F696E743E0A2020202020203C2F62706D6E64693A42504D4E456467653E0A2020202020203C62706D6E64693A42504D4E456467652062706D6E456C656D656E743D227369642D39454230343132412D393039302D344244322D383044382D313539394430333941463631222069643D2242504D4E456467655F7369642D39454230343132412D393039302D344244322D383044382D313539394430333941463631223E0A20202020202020203C6F6D6764693A776179706F696E7420783D223335342E39353030303030303030303030352220793D223136372E30223E3C2F6F6D6764693A776179706F696E743E0A20202020202020203C6F6D6764693A776179706F696E7420783D223430352E302220793D223136372E30223E3C2F6F6D6764693A776179706F696E743E0A2020202020203C2F62706D6E64693A42504D4E456467653E0A2020202020203C62706D6E64693A42504D4E456467652062706D6E456C656D656E743D227369642D43463743463944352D333233302D343546322D423446382D413530393135343439303930222069643D2242504D4E456467655F7369642D43463743463944352D333233302D343546322D423446382D413530393135343439303930223E0A20202020202020203C6F6D6764693A776179706F696E7420783D2234342E39343939393838333034393330362220793D223136372E30223E3C2F6F6D6764693A776179706F696E743E0A20202020202020203C6F6D6764693A776179706F696E7420783D223130352E302220793D223136372E30223E3C2F6F6D6764693A776179706F696E743E0A2020202020203C2F62706D6E64693A42504D4E456467653E0A202020203C2F62706D6E64693A42504D4E506C616E653E0A20203C2F62706D6E64693A42504D4E4469616772616D3E0A3C2F646566696E6974696F6E733E, 0);
INSERT INTO `act_ge_bytearray` VALUES ('12503', 1, 'ClueReview.ClueReview.png', '12501', 0x89504E470D0A1A0A0000000D49484452000002F6000000DA0806000000CD100644000019B34944415478DAEDDD0B8C9D659907F049D4B8AE6B58138C4B5C578DC435863586C4B8C6C51012C31A25C84A696D47E856D22242AD022B0AA4C825165051D1AC1882C2B222212C62B7CBAD85726FB805BA204AE52694D6B26CC54A6B2DF2EDF73F3BEFE4E3F49CB9752E67667EBFE44DCF9C399D3933E73FCFF7BCEFF79E73FAFA00000000000000000000000000000000000000000000000000000000000000000000000000000000000000000000000000000000000000000000000000000000000000000000000000000000000000000000000000000000000000000000000000000000000000000000000000000000000000000000000000000000000000000000000000000000000000000000000000000000000000000000000000000000000000000000000000000000000000000000000000000000000000000000000000000000000000000000000000000000000000000000000000000000000000000000000000000000000000000000000000000000000000000000000000000000000000000000000000000000000000000000000000000000000000000000000000000000000000000000000000000000000000000000000000000000000000000000000000000000000000000000000000000000000000000000000000000000000000000000000000000000000000000000000000A0B75555F5EAC71F7FFCCA75EBD6FD69CD9A35D58D37DE684CF258BD7A7575EBADB7FE4F3DFAE5CA902BB9922B00C62407C9DB6EBBADDAB2654BB573E74E638AC673CF3D57DD72CB2D2FD407CDC3E5CA902BB9922B1346134660D452C81C247BE660B9B32E708FC8952157722557268C268CC0A865754241E99D511F2877C9952157722557268C268CC0A8E5149862D25307CA4AAE0CB9922BB9326134610426EC40F9FBDF6EAA1EBFE787D5C3ABCF688D5CCE758A9003A55CC9955CC99509A32157304D0ADAB6AD1BAB87AE3FAD7A70D549AF18B92E9F53881434B9922BB9922B134643AE601A14B4A71FFED96E07C9329E7978A542A4A0C9955CC9955C99301A7205D3A1A03D72F3395D0F94F99C42A4A0C9955CC9955C99301A7205D3A0A03D74E3E95D0B5A3EA7102968722557722557268C865C8103A5A101932BB9922BB9922B43630F9351D0F224A16E052D9F53881434B9922BB9922B8DBD2157300D0ADA863BBEDBB5A0E5730A918226577225577265C268C8154C8382F6FCC6F5D543372CDF7D95A2BE2E9F53881434B9922BB9922B134643AE601A14B48C27EEBD74B76296EB1421054DAEE44AAEE4CA84511EE40AA6CB81F20F7FA836DCF9AFBBAF52D4D7E5730A918226577225577265C268C815F47841CB1B6F3C7AC7055D4F41E673DE9C4341932BB9922BB9326134E40A7AB5A0D5856AD3869BAAFFBEEE2B5D0F9265E436B9ADE2A6A0C9955CC9955C99301A72053D54D0862B628A9B8226577225578609A309A35CC1342868232962431537854941932BB9922BB932613434F6D003056DAC07C9321426054DAEE44AAEE4CA84D1D0D843AF9C82341434B9922BB9324C184D18E50A1C280D074A8FA75CC9955CC995A1B107054D41932B43AEE44AAEE44AAE00054D41932B43AE0CB9922BB9625AA9AAEACFD6AF5FBFE4924B2EB965C58A152F2C5DBA74D7C2850BAB79F3E655FDFDFD2F7FF6B39FDD79CA29A73C7ECE39E75C568FBFF51B53D01434B9922BB932E44AAEE48A1E6BE8AFBAEAAA4BCF3CF3CC5DCB962DAB2EBCF0C26ADDBA75D5C68D1BAB1D3B7654917FB76CD952DD77DF7D55DDF8579FFFFCE75FFEC217BEF0E4E2C58B8FF61B54D01434B9922BB932E44AAEE46ABA5AB060C15FCF9D3BF7B879F3E65D598F0DF5D89685ED7AECA8C713F5E7AEAEFF3D31B7EBE91FA46EE0179D75D6597F38E9A4935A4DFB4B2FBD548DD4030F3C509D7CF2C92F2D59B2E4913973E6EC2B160A9A822657722557865C793CE56ABAF8D4A73EF5897ADC588F9D038DFC48C6CDF5EDFB7B6D95FED5D75C73CD4DC71C734CB572E5CA5135F4EDAEBBEEBA6AD1A245DBADDE2B680A9A5CC9955C1972E5F194AB5E5737E76FAF9BF3EB46D1CC771AB7F5C4C2769AFAB56BD7DE7DFCF1C7578F3EFA68351E9E7CF2C9AA9E246C3FFAE8A33FA7B157481434B9922BB932E4CA90AB5E3477EEDC79F3E7CFFFDF6693BE60C182EA6B5FFB5A75D34D3755BFFEF5AFABDFFDEE77ADFEF6C5175F6C6D4DBFE38E3BAAF3CF3FBFFAF4A73FDDDEDC6F9BF2D5FBACD4A7A9CF9EF9F194AFB778F1E26D3D777A424153D0E4CA902BB9922BB9922B4DFDDCB91FAFFBD4979A0DFD65975D36E29E78EBD6ADADDBE7FF351BFCFA6B4ECDAE95ECA9CFF69BF15AA9EFB4727FE491476EAD7FC0776BEC0D054DAEE44AAE0CB932E4AA5756EA9B4DFD17BFF8C5D6EAFC58E4FFE5F9A96DCDFDE42E6CE7D56FCE38E38C9DD9533F9156AD5AB5BD9EC9DCA5B1371434B9922BB932E4CA90ABA9963DF5CDED37CB972F1FDC6E3356D9A673F6D967B76FCB99BC85EDABAFBEFADF33BBF8E31FFF584DB4638F3D76F36CDC92A3A029687225577265C895C753AE7A4BDDD4AF6EAED4EF6953DF6CEEDB56EE6F9BB4D5FABC4E7D5ED272323CF8E0833B67E3AABD82A6A0C9955CC99521571E4FB9EA1D7949CBE69EFAB16EBF196A5B4E73CFFDA42C6CE71D65F384D93D7959CBD15AB468D1E69CFA9821A1C86B9CFE8382A6A0C9952157C66CCCD5C2850BFF52632F57D3B5872B4D779EF83A112EBFFCF2C95DB5BFE4924B6EB9E8A28BAAC974FEF9E73F9077E99A217BB3CA2CECC6B973E7FEBD82A6A0C9955CC99531CB72F5483DCE1BAEC1972BB9EAA5458CBC536C79C26C56D59F7FFEF909E979F36A396D2F8539B10BDB2B56AC7861DDBA7593DAD8DF79E79D4FD63FD8CA99D4D837C6B59DC2A4A029687225577265CCD05C3D913CD593C5ADF5BFA7CE9933E72F34F672D5EB8B18F5F5C795DB9D7BEEB913BDA0DDACBB13BBB0BD74E9D25D9B366D9AD4C67EF3E6CD5BEA1FECE919DAD80F86A979C054D01434B9922BB9326668AE9E6BE669A0C15F78E08107BE5A632F57BDBA88515F7765F9FCDAB56B27B4EFCD9B5835EECBC42E6C2F5CB8B0DAB163C7A436F6F97EF50FB6632637F6CD3065B6A8A029687225577265CCB25C3D523753FFA8B197AB5E5CC4A83FDE50AE1FEF27CDB6CB3BD436EEC7D313FEC34F85111C6066D450D07A6BC895215772355D46DD88E471D9558FEDF5F8EDC00AF9B3F578AA1EBF4A035D4FC8D6D7FFDE578FBBEA716B3DD6D4D75D97D5C17AFC473DAEA8BFCE65F5B8B8BE7C613DBE5B7FFEFCFAE373EBCB67D7E3F4FAE353EA8FFFA51ECBEA8F3F578FC5F575FF9C57F2A82FD717E7FE537DF990F9F3E71F5CFF7B507DDD0199088E2053F7E5D547E44A63DF4B8B18037F4FAD8FC7EB252E877AE9CBC6F79ED885EDA38E3AEAE5C95EB1DFBE7DFBE659B0627F4FDE9EB89C8A1CCF8276E59557567BEFBDF7886FFFC4134F54575F7D7575DA69A7E58FB85AB66CD96EB7F9C52F7ED1FADCB3CF3E5BDD75D75DD511471CD11A471E796475CD35D7B43EF7831FFC60F0F677DF7D7775D861870DDEA6DBED3A8DDCE6EB5FFFFAB0B739F1C4135B97AFB8E28AD6599E727D9EB93E8B57C0F63857F91DE609F379A2502E3FF3CC331D6F97DBAC5AB56AB7FF9B2C35AF7BEEB9E7AAFAFEB446C9C155575DD5BA6D9E3494DBE4F1CBC79DBECFB5D75E5BBDFEF5AF1FFC38F97BEF7BDFDBF17E9F72CA29ADCBB95FCDDCEDB5D75E4336A3F9BFDFFEF6B787FCBDE43EBEE10D6FA83EFAD18FEE96E91FFDE8477235C6F1D0430FB57E8739153DD4ED469AB7E6E395CFA7767DE0031FA8FAFBFB07AFBBE5965BF6B8264E457E86CA551E9B430E39E4CFE7CC99B357DD24EF5DFFBCFBD497FFA67EDCDE9937BE59B060C1DFD597F71F68B40F48E39D063C8F6BFDF161F5C747D49717A4514FC39EC63D0D7CFDF149F5E5AFD46379FDF15969F4D3F0A7F1CF04606022F06FF5F8493DAEAA3FF7B38109C39A8109C45D2368A2F204C55D1A7B0B11BD3A267B417B420BFDF1C71FBF73B2F7D8D7CDE32F67F01EFB571C2027E214641ADD77BDEB5D43DE260D7A0E2AB96D0E361FF9C847AA175E78A1EBED5FF39AD7B49AA3CD9B370F36D139C8E6A0949966FBEDDFF4A63755071D7450C703607BE39D836CEE4B39D0EDB3CF3ED501071CD0BA5C9AC077BCE31D1D9BCF72F9D24B2F1DBC9C9F691636F6E392AB7BEFBDB7F53BCCC4ACFC3EBB355CF95C7296C7E82D6F794BEBFFE4BA4F7EF293830D4BC9462609EF7FFFFB5B99C8E7DEF8C637B6AE4B53B77EFDFAC1AF57BE76FEDF073FF8C1D66DBFFAD5AFB61AFB34EDF93893BEBC635F6E5FB298910948AE7BFAE9A75F717DF9DA175C70C12BAE5BB366CD60C6F2B5DFFCE6370FDEEFEF7DEF7B5D7FE6DCDFFCFD34AFCB645AAEC63EF2B73CD42472B479BBEDB6DB5AD7E5713CF3CC33AB7DF7DDB77ACF7BDE53BDED6D6FAB8E39E698C1DB3FF5D45363AE8953919F193861CC1EE603277B2BCE48168F9A238F6B8E69A3F9FAF9F94673FBA99C185AB1EF5CF3F26EB03372C5FEB4D34EDB30D9AF8A73FDF5D7FFD70C7C559CBB72AAB1FD00391E05AD7D75F2CB5FFE726BC5BE3442F9A3CF1F7F564ED34C7DF8C31F6E8D6EB7CF812DB7CFC1315F7FDBB66DAD8F7FFEF39FB7FE4DA39D03711AFD638F3D76B7836A461AED346F7997B6F62294AFD33C80B737E3F93807E3E6A422F7B1ACA495AF939F21DFA7ACCA350F9C23299433E44039AEB9CAEF2DCFFE2F1FDF70C30DD5FEFBEFBFDBEDF27B4F537EF1C517571B366CA86EBEF9E6C1C7B039D12AA36428ABEFCDC7A93469ED8D7DF93F65C53E596BDEC7E1CEFA0C35A1CC0132DF372BB8254B3FFEF18F07FF4ED264E5E76A6FFCDAF3F5A52F7D692637F61356AFCA04320D7969CAB33A9E895CB3E9CEE5B1E66DB809FE638F3DD6BA4DFE1D6D4D9CCAFC4CC75CE51570DA1AA71D59F1AFC77EE39DAB6E63B48B47A97B797CCB639C3337399E953CA4963427A2594C78EB5BDF3A98E73CFEAF7DED6B5B6795CBF74C53DEAB13438D7DE7458C19BBC7FEBCF3CEBB68B25FC77EF9F2E5AB66D0EBD8775CF11ACF82D66CA87320C91F7AB3D96D1FA561CA48E3FDBAD7BDAE3AE490435AC5A85B3159BA7469EB809AAFBF64C992D67559CD4A21EA744A3C2B633950B67FADACFE66FB45B328E6FE348B5C3EB768D1A2D6E56CE74961ECB65DA45C4E514C31CEE514E8E14EB5CF80066CDC73551EE74ED797E6BB8C1C08F3F8E4E098DCA411CA8A56AE7BF7BBDFDD6A74DA1FE37CFCA10F7DE815ABA5B99C95D44E8D7D732B4E7B63DF6CDA92CB7C9D6CCFF9D6B7BE356C635FFE6672804C66B30A5C1ACA32D1B8FFFEFB873CB036EFC30C6BEC27BC5E95C955F3E3ACA8E78C4EB7DB8F266F69D4CBA2C4030F3CD0AA21A58E94BC952D6063AD8953959FE998ABBC26F740B3B26D60CFFEDE1395ABA16ADB48178FDAF330F0BB6D3DAEDDEE5F3E3F7FFEFCAEDF3FF5AB6C1DEDC589E12C6FECBB2E62CCD857C539F5D453DF79DC71C7FD6912DF797647FD07F2D84C79E7D9911AAF82963FF21CF0D2C464C5A939B3EFB462558AD6C1071F3CB895212B0F59514B01CAE4A0B92DA31CE89A052607CFF6C63E8D7AAECB2A5C4E697FFFFBDF6FADFCE6DF1C34DB57819BC52997CB84A1BDA96BDE3E1387B27524FBAEBB6DB9F016EDC3FFBC698AF35895B32BCDB32C79ACBEF9CD6F0EAE8C663B562E67053507A3B212566E9F495D39BB93A63B5F3F8F7BD9AB5C56CC724AB95363DF5C41EDB415A7E4B0347269B292D51C9CCBE9EFE6CF53FE4FFBEF220D591AC54ED9EA766ABB99FB72966A2635F6935DAF46D2D88F256F65247799E8A7592FB74DC3BE2735712AF3334D57ECFF2A4FBC1DC9BBCF4E54633F96C5A38C952B570EAEA4E7985A8E6BC94AF37699C86532591AB3F6B3D4EDC7A45E9B18CED2C67ED8458C19FB3AF65117C55FDD77DF7D93B50DE7B249794BDD1978A0CC1F780A4FFEC8D3D894273FA6296BAE6E666522A705CB0132B739FAE8A3070B4B9AAFE6968CB222FABEF7BDAFD5A49746BE9C1D28852645AAEC8D2EFBA39BA73FCBF69814B9BE81BDD0CDFBDE5CCD2D45370DE0A1871E3A78BB7CAFAC7C34B763B44F0A66C31EFBF1CC551AA7E60A66790C9A4F406C3F7094BDC7F95C1AB2F627C5B61FF84A4E32D92CCD7769D03BADD83757CC869ADCE5FB353FCECBF3B69FD12907E8F655E2FC4CF93B48DEDB0FC465C5B7D3F72CF92FF7773499D3D8BFF27791BA93C737CD5369A0F277DDBEB56FB4792B5B14B39A9F8CA531CFE4219948339E2D137B5213A72A3F72B567C7C7912E1E65DB6A598CC8712DCD761638F27F3249CCF5596C68D6CD525FB2FA9E45867206BD3C87A87DF4D2C4703636F62391779E1D78B5A9097FE7D9FEFEFE9727ED9D67E3339FF9CC9C134E3861D724ACDA6F9D3F7FFEFD79E92C8DFDC8470E7A294CE58965657F682E670F7C59C5CFFEF4B2BA590E7CCD7D7F7D5D9EF0D3FC3FB94D59252FAF66D1DC7BDFDC1AD45E70FA86D8F73ED2C63E4D6859596B6E036A16EC52F8867A229E03E5D007C0729AB76C9B6A7F35926EFB3B93937286A7FD76D9379A9CEEB7DF7EAF38059D866B345B71BA7DEFA11AFB6E4F32CFD7EDD498650F77A7ED235949CB96AFE4B86FE0792BA5A96C4E54E56AF8916C955A31DC569CD1E6ADFDB6993CA6BE74DA9A31969A3855F991AB3D6BEC47728CC959EE1CE3BA4DBACA0A7C73F1A12C3AE5737905A6D4AC3269CD759D1AF85E9A186AECBBCBEBDA97863B676D26C2E5975FDE5CAD9FBC85ED254B96ACCFAAD744CA7EFEFC50C3EDEFD4D8EFDCED95409A452605A3344BCDA2D3A9614AB39526AE6F609F7AA7EF91834F1EFBDC3E93835C9715B09C152807CE1CACDAFF5F2940E55555866AECCB932ADB5753B215281387E1F6D8E7E72B138EDCC7DCAFF6155A07CAE14739CB531E8F3C57A1AFC35ECFE6E3505650CB8129AB5579EC47B2629F57B769AEC60ED7D8E7314D16CB6A5A73C5AC9CB12A4F746C6FF8CAC1BAF93791FB939F2D5B34CAE9F8DCF74E996B3E57200D5A33A7E5FB776AE8E46ACFB6E28C256FDD1AFB34D1C95BFB6337DA9A3855F991AB896FEC87CB5BA76D7D1979CCB3B29FDB641B5756F653AF4ADEDA8FC1BD3431D4D80FD9D87FA234DD59B51FEF27D1E6EBCD9F3FFFE5C61B644DDEC2764E0DD47F08DB1F7DF4D10969EAEBD05F537F8F4D79BDDDD9189EF12C685905CD29E891DC3685217B98535452DC522CF2DAF3EDB72B2F2D97AF5D8A58D94E539AACD2F43747F6D367FF7B79626B73EBC45005B8D341B71C18CBC1B19CAE2CAB1765DBC8F2E5CB5BFF369F0CE54039B2333F65C2545652D3B80CD570753BF0B5BF4466B715FBE6C16E342BF67D1D5E36B53C0FA0AC9CB567ADB91296FB97CFBFEA55AF1A6CC2CA44202B6E652F6D73CF76B2DE6C16F324F2ACB8E5BEA54918C959020DD8FFFF1ED3F86494CC246769B0CAD697F21C8AF627C18F346FED8F77D9F6506A44B614EE494D9CAAFCC8D5D8C768178FBAED5FEFEBF25E2979FCCBABE224CB25CFC95E56EF7B7962A8B11FB6FFBDB934DE99B08DD74B5FE6387BC20927BCD45CAD9FF485EDFEFEFE0575317A71CB962DE3DAD43FF3CC33B7D73396A766E3169C892868594DEFB6029115FE3C6931A79CB397351380E6C1B36C73E9F404B3AC8CE5609CDBE7C0D5FE24A36E0D600EA665DF6CB727058DB4B12FAF90D1D7F684D97259411B5BAED2A864D5B434F479CCF2AA117D6DCF85E8F458E5B16FBFAE5363DF7E56A76C972A93C43C2FA3DB0179A4ABB979A58992C732E1CB36B43C39ADAFF124B6F27365D52C7B653FF6B18FB526A8796DEBBE81BDABE52C45EE63FE9ECA361FB91AFF57C519CDAAEB48F2D63ED240757BFCC65213A72A3F72357EABF7431D63869B4876FABFCDE784E46C76A737D1EBD589A1C67EF885ED8177736E35E0593CDCD3E63E7939FBECB39BFBEAB74DD9C2F682050B162D5EBC78DB78ADDC67A53E4DFDDCB9734F9ECDC1F18E7BDE4A5BAEE44AAE0CB99AFAC6BEBC824EDFC0CB58361BFB4CE4F224EA728631CFFBCA1BEF6594DB644B4ED99653DEA7A1AFED7D3C7A6962A8B11F5EDDA3CE2B4FA42D2BF763DD9693FFD7B6525F4DF9C2767EC0FEFEFE177EFAD39FFE7E0F9E50BBF51BDFF8C60FB3FDA61E0B677B681C281D28E54AAEE4CA90ABA9FF7D8EF68CD29E3C9F4BAEA6D5CAFDC266739F3DF7D99695E77A8DF4D56FF244D9E69EFA8C9E59D8CEA989FACEAD59B264C9E6FBEFBF7FFB685EA7FE861B6EB8BC9E18DC93FD44B3754FBD03A5822657722557865CC9955C4DAF95FB7A6C6D36E669F07316276F6295D5F8B24D27675EF28EB2D97AF59DEF7CA73AEAA8A3FED4F66EB7DB7A7261BBBE5387A7C15FB870E196152B563C7CFBEDB73F55FF209B32838DEDDBB76F7EF6D9677FB97AF5EAFF3CFDF4D3AFAD7F018FA7A1CF0F331B5FFD464153D0E44AAEE4CA902BB992AB69BB72FFF6E6CB608E71F4FEC2765EC8BFBE93CB06DE82F7897AEC18B8F3F9F7E9BC456EDE4D6BB6BDA3AC82A6A0C9952157865CC9955CCDB806FFF081067FD7681A7A0BDB1A7B4341932BB9922B43AE0CB9B2B08D826638507A3CE54AAEE44AAE0C8D3D28680A9A5C19722557722557720528680A9A5C197265C8955CC91568EC0D054DAEE44AAE0CB932E40A14344341932BB9922BB9922B43630F0A9A822657865CC9955CC9955C010A9A822657865C1972255772051A7B4341932BB9922B43AE0CB90205CD50D0E44AAEE44AAEE4CA902B50D00C074A43AEE44AAEE44AAE00054D41932B43AE0CB9922BB9028DBDA1A0C9955CC9952157865C81826628687225577225577265C81528688603A52157722557726568EC414153D0E4CA902B43AEE44AAE4063AF9028687225577265C8952157A0A0190A9A5CC9955CC9955C1972050A9AE14069C8955CC9955C191A7B50D01434B932E4CA902BB9922B404153D0E44AAEE4CA902B8FA75CC1CCB066CD1A85A477C68EBAA0ED922B43AEE44AAE34F61A7B60D46EBDF5D64D5BB66C514C7A606CDCB8F12775417B44AE0CB9922BB9326134610446EDA69B6E3A74EDDAB5BFFDCD6F7EB35D4199BA429683E4EAD5AB9FAAC7E17265C8955CC99509A3092330267571FE78FD87744F66C93905664CFAC8EFFD91997290942BB9922BB932613466FB8411000013461346000000000000000000000000000000000000000000000000000060E2FD1F01D717D974DA7B890000000049454E44AE426082, 1);
INSERT INTO `act_ge_bytearray` VALUES ('12506', 1, 'ClueReview.bpmn20.xml', '12505', 0x3C3F786D6C2076657273696F6E3D22312E302220656E636F64696E673D225554462D38223F3E0A3C646566696E6974696F6E7320786D6C6E733D22687474703A2F2F7777772E6F6D672E6F72672F737065632F42504D4E2F32303130303532342F4D4F44454C2220786D6C6E733A7873693D22687474703A2F2F7777772E77332E6F72672F323030312F584D4C536368656D612D696E7374616E63652220786D6C6E733A7873643D22687474703A2F2F7777772E77332E6F72672F323030312F584D4C536368656D612220786D6C6E733A666C6F7761626C653D22687474703A2F2F666C6F7761626C652E6F72672F62706D6E2220786D6C6E733A62706D6E64693D22687474703A2F2F7777772E6F6D672E6F72672F737065632F42504D4E2F32303130303532342F44492220786D6C6E733A6F6D6764633D22687474703A2F2F7777772E6F6D672E6F72672F737065632F44442F32303130303532342F44432220786D6C6E733A6F6D6764693D22687474703A2F2F7777772E6F6D672E6F72672F737065632F44442F32303130303532342F44492220747970654C616E67756167653D22687474703A2F2F7777772E77332E6F72672F323030312F584D4C536368656D61222065787072657373696F6E4C616E67756167653D22687474703A2F2F7777772E77332E6F72672F313939392F585061746822207461726765744E616D6573706163653D22687474703A2F2F7777772E666C6F7761626C652E6F72672F70726F63657373646566223E0A20203C70726F636573732069643D22436C756552657669657722206E616D653D22436C75655265766965772220697345786563757461626C653D2274727565223E0A202020203C73746172744576656E742069643D2273746172744576656E7431223E0A2020202020203C657874656E73696F6E456C656D656E74733E0A20202020202020203C666C6F7761626C653A666F726D50726F70657274792069643D227469746C6522206E616D653D22E69687E4BBB6E6A087E9A2982220747970653D22737472696E67222072657175697265643D2274727565223E3C2F666C6F7761626C653A666F726D50726F70657274793E0A2020202020203C2F657874656E73696F6E456C656D656E74733E0A202020203C2F73746172744576656E743E0A202020203C757365725461736B2069643D227369642D43384531363039332D453545392D343334452D393138442D35313336454245313432443222206E616D653D22E69CACE5A794E9A286E5AFBCE5AEA1E689B92220666C6F7761626C653A63616E64696461746547726F7570733D224C6574746572436C75655265766965773A62776C64223E0A2020202020203C657874656E73696F6E456C656D656E74733E0A20202020202020203C666C6F7761626C653A666F726D50726F70657274792069643D2262776C645F636F6E74656E7422206E616D653D22E69CACE5A794E9A286E5AFBCE689B9E7A4BA2220747970653D22737472696E67222072657175697265643D2274727565223E3C2F666C6F7761626C653A666F726D50726F70657274793E0A2020202020203C2F657874656E73696F6E456C656D656E74733E0A202020203C2F757365725461736B3E0A202020203C757365725461736B2069643D227369642D43433441363035312D353031312D344537362D393636422D31334635463841323443393922206E616D653D22E58886E7AEA1E589AFE4B9A6E8AEB0E6848FE8A7812220666C6F7761626C653A63616E64696461746547726F7570733D224C6574746572436C75655265766965773A666766736A223E0A2020202020203C657874656E73696F6E456C656D656E74733E0A20202020202020203C666C6F7761626C653A666F726D50726F70657274792069643D22666766736A5F636F6E74656E7422206E616D653D22E58886E7AEA1E589AFE4B9A6E8AEB0E6848FE8A7812220747970653D22737472696E67222072657175697265643D2274727565223E3C2F666C6F7761626C653A666F726D50726F70657274793E0A2020202020203C2F657874656E73696F6E456C656D656E74733E0A202020203C2F757365725461736B3E0A202020203C757365725461736B2069643D227369642D43363930303332322D463346372D343633422D383036442D39393646453646324643393422206E616D653D22E4B8BBE7AEA1E5B8B8E5A794E6848FE8A7812220666C6F7761626C653A63616E64696461746547726F7570733D224C6574746572436C75655265766965773A7A676377223E0A2020202020203C657874656E73696F6E456C656D656E74733E0A20202020202020203C666C6F7761626C653A666F726D50726F70657274792069643D227A6763775F636F6E74656E7422206E616D653D22E4B8BBE7AEA1E5B8B8E5A794E6848FE8A7812220747970653D22737472696E67222072657175697265643D2274727565223E3C2F666C6F7761626C653A666F726D50726F70657274793E0A2020202020203C2F657874656E73696F6E456C656D656E74733E0A202020203C2F757365725461736B3E0A202020203C757365725461736B2069643D227369642D35373038423230372D414530322D344635392D413241392D35463036314632413142393022206E616D653D22E5AEA1E69FA5E5AEA4E6848FE8A7812220666C6F7761626C653A63616E64696461746547726F7570733D224C6574746572436C75655265766965773A736373223E0A2020202020203C657874656E73696F6E456C656D656E74733E0A20202020202020203C666C6F7761626C653A666F726D50726F70657274792069643D227363735F636F6E74656E7422206E616D653D22E5AEA1E69FA5E5AEA4E6848FE8A7812220747970653D22737472696E67222072657175697265643D2274727565223E3C2F666C6F7761626C653A666F726D50726F70657274793E0A2020202020203C2F657874656E73696F6E456C656D656E74733E0A202020203C2F757365725461736B3E0A202020203C656E644576656E742069643D227369642D36364235323141352D423032412D344546352D383536372D354231423235374636313032223E3C2F656E644576656E743E0A202020203C73657175656E6365466C6F772069643D227369642D43463743463944352D333233302D343546322D423446382D4135303931353434393039302220736F757263655265663D2273746172744576656E743122207461726765745265663D227369642D43384531363039332D453545392D343334452D393138442D353133364542453134324432223E3C2F73657175656E6365466C6F773E0A202020203C73657175656E6365466C6F772069643D227369642D44304343384641432D373845312D344345322D393236302D4145344644313532423534462220736F757263655265663D227369642D43384531363039332D453545392D343334452D393138442D35313336454245313432443222207461726765745265663D227369642D43433441363035312D353031312D344537362D393636422D313346354638413234433939223E3C2F73657175656E6365466C6F773E0A202020203C73657175656E6365466C6F772069643D227369642D39454230343132412D393039302D344244322D383044382D3135393944303339414636312220736F757263655265663D227369642D43433441363035312D353031312D344537362D393636422D31334635463841323443393922207461726765745265663D227369642D43363930303332322D463346372D343633422D383036442D393936464536463246433934223E3C2F73657175656E6365466C6F773E0A202020203C73657175656E6365466C6F772069643D227369642D30364538424137302D353231432D344341372D393944342D4445453039374134383344442220736F757263655265663D227369642D43363930303332322D463346372D343633422D383036442D39393646453646324643393422207461726765745265663D227369642D35373038423230372D414530322D344635392D413241392D354630363146324131423930223E3C2F73657175656E6365466C6F773E0A202020203C73657175656E6365466C6F772069643D227369642D42443836393630392D323035462D343234442D423430372D4130373536383146313436442220736F757263655265663D227369642D35373038423230372D414530322D344635392D413241392D35463036314632413142393022207461726765745265663D227369642D36364235323141352D423032412D344546352D383536372D354231423235374636313032223E3C2F73657175656E6365466C6F773E0A20203C2F70726F636573733E0A20203C62706D6E64693A42504D4E4469616772616D2069643D2242504D4E4469616772616D5F436C7565526576696577223E0A202020203C62706D6E64693A42504D4E506C616E652062706D6E456C656D656E743D22436C7565526576696577222069643D2242504D4E506C616E655F436C7565526576696577223E0A2020202020203C62706D6E64693A42504D4E53686170652062706D6E456C656D656E743D2273746172744576656E7431222069643D2242504D4E53686170655F73746172744576656E7431223E0A20202020202020203C6F6D6764633A426F756E6473206865696768743D2233302E30222077696474683D2233302E302220783D2231352E302220793D223135322E30223E3C2F6F6D6764633A426F756E64733E0A2020202020203C2F62706D6E64693A42504D4E53686170653E0A2020202020203C62706D6E64693A42504D4E53686170652062706D6E456C656D656E743D227369642D43384531363039332D453545392D343334452D393138442D353133364542453134324432222069643D2242504D4E53686170655F7369642D43384531363039332D453545392D343334452D393138442D353133364542453134324432223E0A20202020202020203C6F6D6764633A426F756E6473206865696768743D2238302E30222077696474683D223130302E302220783D223130352E302220793D223132372E30223E3C2F6F6D6764633A426F756E64733E0A2020202020203C2F62706D6E64693A42504D4E53686170653E0A2020202020203C62706D6E64693A42504D4E53686170652062706D6E456C656D656E743D227369642D43433441363035312D353031312D344537362D393636422D313346354638413234433939222069643D2242504D4E53686170655F7369642D43433441363035312D353031312D344537362D393636422D313346354638413234433939223E0A20202020202020203C6F6D6764633A426F756E6473206865696768743D2238302E30222077696474683D223130302E302220783D223235352E302220793D223132372E30223E3C2F6F6D6764633A426F756E64733E0A2020202020203C2F62706D6E64693A42504D4E53686170653E0A2020202020203C62706D6E64693A42504D4E53686170652062706D6E456C656D656E743D227369642D43363930303332322D463346372D343633422D383036442D393936464536463246433934222069643D2242504D4E53686170655F7369642D43363930303332322D463346372D343633422D383036442D393936464536463246433934223E0A20202020202020203C6F6D6764633A426F756E6473206865696768743D2238302E30222077696474683D223130302E302220783D223430352E302220793D223132372E30223E3C2F6F6D6764633A426F756E64733E0A2020202020203C2F62706D6E64693A42504D4E53686170653E0A2020202020203C62706D6E64693A42504D4E53686170652062706D6E456C656D656E743D227369642D35373038423230372D414530322D344635392D413241392D354630363146324131423930222069643D2242504D4E53686170655F7369642D35373038423230372D414530322D344635392D413241392D354630363146324131423930223E0A20202020202020203C6F6D6764633A426F756E6473206865696768743D2238302E30222077696474683D223130302E302220783D223535352E302220793D223132382E30223E3C2F6F6D6764633A426F756E64733E0A2020202020203C2F62706D6E64693A42504D4E53686170653E0A2020202020203C62706D6E64693A42504D4E53686170652062706D6E456C656D656E743D227369642D36364235323141352D423032412D344546352D383536372D354231423235374636313032222069643D2242504D4E53686170655F7369642D36364235323141352D423032412D344546352D383536372D354231423235374636313032223E0A20202020202020203C6F6D6764633A426F756E6473206865696768743D2232382E30222077696474683D2232382E302220783D223732302E302220793D223135342E30223E3C2F6F6D6764633A426F756E64733E0A2020202020203C2F62706D6E64693A42504D4E53686170653E0A2020202020203C62706D6E64693A42504D4E456467652062706D6E456C656D656E743D227369642D30364538424137302D353231432D344341372D393944342D444545303937413438334444222069643D2242504D4E456467655F7369642D30364538424137302D353231432D344341372D393944342D444545303937413438334444223E0A20202020202020203C6F6D6764693A776179706F696E7420783D223530342E393439393939393939393937332220793D223136372E333333223E3C2F6F6D6764693A776179706F696E743E0A20202020202020203C6F6D6764693A776179706F696E7420783D223535352E302220793D223136372E3636363636363636363636363639223E3C2F6F6D6764693A776179706F696E743E0A2020202020203C2F62706D6E64693A42504D4E456467653E0A2020202020203C62706D6E64693A42504D4E456467652062706D6E456C656D656E743D227369642D44304343384641432D373845312D344345322D393236302D414534464431353242353446222069643D2242504D4E456467655F7369642D44304343384641432D373845312D344345322D393236302D414534464431353242353446223E0A20202020202020203C6F6D6764693A776179706F696E7420783D223230342E39352220793D223136372E30223E3C2F6F6D6764693A776179706F696E743E0A20202020202020203C6F6D6764693A776179706F696E7420783D223235352E302220793D223136372E30223E3C2F6F6D6764693A776179706F696E743E0A2020202020203C2F62706D6E64693A42504D4E456467653E0A2020202020203C62706D6E64693A42504D4E456467652062706D6E456C656D656E743D227369642D42443836393630392D323035462D343234442D423430372D413037353638314631343644222069643D2242504D4E456467655F7369642D42443836393630392D323035462D343234442D423430372D413037353638314631343644223E0A20202020202020203C6F6D6764693A776179706F696E7420783D223635342E393439393939393939393939392220793D223136382E30223E3C2F6F6D6764693A776179706F696E743E0A20202020202020203C6F6D6764693A776179706F696E7420783D223732302E302220793D223136382E30223E3C2F6F6D6764693A776179706F696E743E0A2020202020203C2F62706D6E64693A42504D4E456467653E0A2020202020203C62706D6E64693A42504D4E456467652062706D6E456C656D656E743D227369642D39454230343132412D393039302D344244322D383044382D313539394430333941463631222069643D2242504D4E456467655F7369642D39454230343132412D393039302D344244322D383044382D313539394430333941463631223E0A20202020202020203C6F6D6764693A776179706F696E7420783D223335342E39353030303030303030303030352220793D223136372E30223E3C2F6F6D6764693A776179706F696E743E0A20202020202020203C6F6D6764693A776179706F696E7420783D223430352E302220793D223136372E30223E3C2F6F6D6764693A776179706F696E743E0A2020202020203C2F62706D6E64693A42504D4E456467653E0A2020202020203C62706D6E64693A42504D4E456467652062706D6E456C656D656E743D227369642D43463743463944352D333233302D343546322D423446382D413530393135343439303930222069643D2242504D4E456467655F7369642D43463743463944352D333233302D343546322D423446382D413530393135343439303930223E0A20202020202020203C6F6D6764693A776179706F696E7420783D2234342E39343939393838333034393330362220793D223136372E30223E3C2F6F6D6764693A776179706F696E743E0A20202020202020203C6F6D6764693A776179706F696E7420783D223130352E302220793D223136372E30223E3C2F6F6D6764693A776179706F696E743E0A2020202020203C2F62706D6E64693A42504D4E456467653E0A202020203C2F62706D6E64693A42504D4E506C616E653E0A20203C2F62706D6E64693A42504D4E4469616772616D3E0A3C2F646566696E6974696F6E733E, 0);
INSERT INTO `act_ge_bytearray` VALUES ('12507', 1, 'ClueReview.ClueReview.png', '12505', 0x89504E470D0A1A0A0000000D49484452000002F6000000DA0806000000CD100644000019B34944415478DAEDDD0B8C9D659907F049D4B8AE6B58138C4B5C578DC435863586C4B8C6C51012C31A25C84A696D47E856D22242AD022B0AA4C825165051D1AC1882C2B222212C62B7CBAD85726FB805BA204AE52694D6B26CC54A6B2DF2EDF73F3BEFE4E3F49CB9752E67667EBFE44DCF9C399D3933E73FCFF7BCEFF79E73FAFA00000000000000000000000000000000000000000000000000000000000000000000000000000000000000000000000000000000000000000000000000000000000000000000000000000000000000000000000000000000000000000000000000000000000000000000000000000000000000000000000000000000000000000000000000000000000000000000000000000000000000000000000000000000000000000000000000000000000000000000000000000000000000000000000000000000000000000000000000000000000000000000000000000000000000000000000000000000000000000000000000000000000000000000000000000000000000000000000000000000000000000000000000000000000000000000000000000000000000000000000000000000000000000000000000000000000000000000000000000000000000000000000000000000000000000000000000000000000000000000000000000000000000000000000000A0B75555F5EAC71F7FFCCA75EBD6FD69CD9A35D58D37DE684CF258BD7A7575EBADB7FE4F3DFAE5CA902BB9922B00C62407C9DB6EBBADDAB2654BB573E74E638AC673CF3D57DD72CB2D2FD407CDC3E5CA902BB9922B1346134660D452C81C247BE660B9B32E708FC8952157722557268C268CC0A865754241E99D511F2877C9952157722557268C268CC0A8E5149862D25307CA4AAE0CB9922BB9326134610426EC40F9FBDF6EAA1EBFE787D5C3ABCF688D5CCE758A9003A55CC9955CC99509A32157304D0ADAB6AD1BAB87AE3FAD7A70D549AF18B92E9F53881434B9922BB9922B134643AE601A14B4A71FFED96E07C9329E7978A542A4A0C9955CC9955C99301A7205D3A1A03D72F3395D0F94F99C42A4A0C9955CC9955C99301A7205D3A0A03D74E3E95D0B5A3EA7102968722557722557268C865C8103A5A101932BB9922BB9922B43630F9351D0F224A16E052D9F53881434B9922BB9922B8DBD2157300D0ADA863BBEDBB5A0E5730A918226577225577265C268C8154C8382F6FCC6F5D543372CDF7D95A2BE2E9F53881434B9922BB9922B134643AE601A14B48C27EEBD74B76296EB1421054DAEE44AAEE4CA84511EE40AA6CB81F20F7FA836DCF9AFBBAF52D4D7E5730A918226577225577265C268C815F47841CB1B6F3C7AC7055D4F41E673DE9C4341932BB9922BB9326134E40A7AB5A0D5856AD3869BAAFFBEEE2B5D0F9265E436B9ADE2A6A0C9955CC9955C99301A72053D54D0862B628A9B8226577225578609A309A35CC1342868232962431537854941932BB9922BB932613434F6D003056DAC07C9321426054DAEE44AAEE4CA84D1D0D843AF9C82341434B9922BB9324C184D18E50A1C280D074A8FA75CC9955CC995A1B107054D41932B43AEE44AAEE44AAE00054D41932B43AE0CB9922BB9625AA9AAEACFD6AF5FBFE4924B2EB965C58A152F2C5DBA74D7C2850BAB79F3E655FDFDFD2F7FF6B39FDD79CA29A73C7ECE39E75C568FBFF51B53D01434B9922BB932E44AAEE48A1E6BE8AFBAEAAA4BCF3CF3CC5DCB962DAB2EBCF0C26ADDBA75D5C68D1BAB1D3B7654917FB76CD952DD77DF7D55DDF8579FFFFCE75FFEC217BEF0E4E2C58B8FF61B54D01434B9922BB932E44AAEE46ABA5AB060C15FCF9D3BF7B879F3E65D598F0DF5D89685ED7AECA8C713F5E7AEAEFF3D31B7EBE91FA46EE0179D75D6597F38E9A4935A4DFB4B2FBD548DD4030F3C509D7CF2C92F2D59B2E4913973E6EC2B160A9A822657722557865C793CE56ABAF8D4A73EF5897ADC588F9D038DFC48C6CDF5EDFB7B6D95FED5D75C73CD4DC71C734CB572E5CA5135F4EDAEBBEEBA6AD1A245DBADDE2B680A9A5CC9955C1972E5F194AB5E5737E76FAF9BF3EB46D1CC771AB7F5C4C2769AFAB56BD7DE7DFCF1C7578F3EFA68351E9E7CF2C9AA9E246C3FFAE8A33FA7B157481434B9922BB932E4CA90AB5E3477EEDC79F3E7CFFFDF6693BE60C182EA6B5FFB5A75D34D3755BFFEF5AFABDFFDEE77ADFEF6C5175F6C6D4DBFE38E3BAAF3CF3FBFFAF4A73FDDDEDC6F9BF2D5FBACD4A7A9CF9EF9F194AFB778F1E26D3D777A424153D0E4CA902BB9922BB9922B4DFDDCB91FAFFBD4979A0DFD65975D36E29E78EBD6ADADDBE7FF351BFCFA6B4ECDAE95ECA9CFF69BF15AA9EFB4727FE491476EAD7FC0776BEC0D054DAEE44AAE0CB932E4AA5756EA9B4DFD17BFF8C5D6EAFC58E4FFE5F9A96DCDFDE42E6CE7D56FCE38E38C9DD9533F9156AD5AB5BD9EC9DCA5B1371434B9922BB932E4CA90ABA9963DF5CDED37CB972F1FDC6E3356D9A673F6D967B76FCB99BC85EDABAFBEFADF33BBF8E31FFF584DB4638F3D76F36CDC92A3A029687225577265C895C753AE7A4BDDD4AF6EAED4EF6953DF6CEEDB56EE6F9BB4D5FABC4E7D5ED272323CF8E0833B67E3AABD82A6A0C9955CC99521571E4FB9EA1D7949CBE69EFAB16EBF196A5B4E73CFFDA42C6CE71D65F384D93D7959CBD15AB468D1E69CFA9821A1C86B9CFE8382A6A0C9952157C66CCCD5C2850BFF52632F57D3B5872B4D779EF83A112EBFFCF2C95DB5BFE4924B6EB9E8A28BAAC974FEF9E73F9077E99A217BB3CA2CECC6B973E7FEBD82A6A0C9955CC99531CB72F5483DCE1BAEC1972BB9EAA5458CBC536C79C26C56D59F7FFEF909E979F36A396D2F8539B10BDB2B56AC7861DDBA7593DAD8DF79E79D4FD63FD8CA99D4D837C6B59DC2A4A029687225577265CCD05C3D913CD593C5ADF5BFA7CE9933E72F34F672D5EB8B18F5F5C795DB9D7BEEB913BDA0DDACBB13BBB0BD74E9D25D9B366D9AD4C67EF3E6CD5BEA1FECE919DAD80F86A979C054D01434B9922BB9326668AE9E6BE669A0C15F78E08107BE5A632F57BDBA88515F7765F9FCDAB56B27B4EFCD9B5835EECBC42E6C2F5CB8B0DAB163C7A436F6F97EF50FB6632637F6CD3065B6A8A029687225577265CCB25C3D523753FFA8B197AB5E5CC4A83FDE50AE1FEF27CDB6CB3BD436EEC7D313FEC34F85111C6066D450D07A6BC895215772355D46DD88E471D9558FEDF5F8EDC00AF9B3F578AA1EBF4A035D4FC8D6D7FFDE578FBBEA716B3DD6D4D75D97D5C17AFC473DAEA8BFCE65F5B8B8BE7C613DBE5B7FFEFCFAE373EBCB67D7E3F4FAE353EA8FFFA51ECBEA8F3F578FC5F575FF9C57F2A82FD717E7FE537DF990F9F3E71F5CFF7B507DDD0199088E2053F7E5D547E44A63DF4B8B18037F4FAD8FC7EB252E877AE9CBC6F79ED885EDA38E3AEAE5C95EB1DFBE7DFBE659B0627F4FDE9EB89C8A1CCF8276E59557567BEFBDF7886FFFC4134F54575F7D7575DA69A7E58FB85AB66CD96EB7F9C52F7ED1FADCB3CF3E5BDD75D75DD511471CD11A471E796475CD35D7B43EF7831FFC60F0F677DF7D7775D861870DDEA6DBED3A8DDCE6EB5FFFFAB0B739F1C4135B97AFB8E28AD6599E727D9EB93E8B57C0F63857F91DE609F379A2502E3FF3CC331D6F97DBAC5AB56AB7FF9B2C35AF7BEEB9E7AAFAFEB446C9C155575DD5BA6D9E3494DBE4F1CBC79DBECFB5D75E5BBDFEF5AF1FFC38F97BEF7BDFDBF17E9F72CA29ADCBB95FCDDCEDB5D75E4336A3F9BFDFFEF6B787FCBDE43EBEE10D6FA83EFAD18FEE96E91FFDE8477235C6F1D0430FB57E8739153DD4ED469AB7E6E395CFA7767DE0031FA8FAFBFB07AFBBE5965BF6B8264E457E86CA551E9B430E39E4CFE7CC99B357DD24EF5DFFBCFBD497FFA67EDCDE9937BE59B060C1DFD597F71F68B40F48E39D063C8F6BFDF161F5C747D49717A4514FC39EC63D0D7CFDF149F5E5AFD46379FDF15969F4D3F0A7F1CF04606022F06FF5F8493DAEAA3FF7B38109C39A8109C45D2368A2F204C55D1A7B0B11BD3A267B417B420BFDF1C71FBF73B2F7D8D7CDE32F67F01EFB571C2027E214641ADD77BDEB5D43DE260D7A0E2AB96D0E361FF9C847AA175E78A1EBED5FF39AD7B49AA3CD9B370F36D139C8E6A0949966FBEDDFF4A63755071D7450C703607BE39D836CEE4B39D0EDB3CF3ED501071CD0BA5C9AC077BCE31D1D9BCF72F9D24B2F1DBC9C9F691636F6E392AB7BEFBDB7F53BCCC4ACFC3EBB355CF95C7296C7E82D6F794BEBFFE4BA4F7EF293830D4BC9462609EF7FFFFB5B99C8E7DEF8C637B6AE4B53B77EFDFAC1AF57BE76FEDF073FF8C1D66DBFFAD5AFB61AFB34EDF93893BEBC635F6E5FB298910948AE7BFAE9A75F717DF9DA175C70C12BAE5BB366CD60C6F2B5DFFCE6370FDEEFEF7DEF7B5D7FE6DCDFFCFD34AFCB645AAEC63EF2B73CD42472B479BBEDB6DB5AD7E5713CF3CC33AB7DF7DDB77ACF7BDE53BDED6D6FAB8E39E698C1DB3FF5D45363AE8953919F193861CC1EE603277B2BCE48168F9A238F6B8E69A3F9FAF9F94673FBA99C185AB1EF5CF3F26EB03372C5FEB4D34EDB30D9AF8A73FDF5D7FFD70C7C559CBB72AAB1FD00391E05AD7D75F2CB5FFE726BC5BE3442F9A3CF1F7F564ED34C7DF8C31F6E8D6EB7CF812DB7CFC1315F7FDBB66DAD8F7FFEF39FB7FE4DA39D03711AFD638F3D76B7836A461AED346F7997B6F62294AFD33C80B737E3F93807E3E6A422F7B1ACA495AF939F21DFA7ACCA350F9C23299433E44039AEB9CAEF2DCFFE2F1FDF70C30DD5FEFBEFBFDBEDF27B4F537EF1C517571B366CA86EBEF9E6C1C7B039D12AA36428ABEFCDC7A93469ED8D7DF93F65C53E596BDEC7E1CEFA0C35A1CC0132DF372BB8254B3FFEF18F07FF4ED264E5E76A6FFCDAF3F5A52F7D692637F61356AFCA04320D7969CAB33A9E895CB3E9CEE5B1E66DB809FE638F3DD6BA4DFE1D6D4D9CCAFC4CC75CE51570DA1AA71D59F1AFC77EE39DAB6E63B48B47A97B797CCB639C3337399E953CA4963427A2594C78EB5BDF3A98E73CFEAF7DED6B5B6795CBF74C53DEAB13438D7DE7458C19BBC7FEBCF3CEBB68B25FC77EF9F2E5AB66D0EBD8775CF11ACF82D66CA87320C91F7AB3D96D1FA561CA48E3FDBAD7BDAE3AE490435AC5A85B3159BA7469EB809AAFBF64C992D67559CD4A21EA744A3C2B633950B67FADACFE66FB45B328E6FE348B5C3EB768D1A2D6E56CE74961ECB65DA45C4E514C31CEE514E8E14EB5CF80066CDC73551EE74ED797E6BB8C1C08F3F8E4E098DCA411CA8A56AE7BF7BBDFDD6A74DA1FE37CFCA10F7DE815ABA5B99C95D44E8D7D732B4E7B63DF6CDA92CB7C9D6CCFF9D6B7BE356C635FFE6672804C66B30A5C1ACA32D1B8FFFEFB873CB036EFC30C6BEC27BC5E95C955F3E3ACA8E78C4EB7DB8F266F69D4CBA2C4030F3CD0AA21A58E94BC952D6063AD8953959FE998ABBC26F740B3B26D60CFFEDE1395ABA16ADB48178FDAF330F0BB6D3DAEDDEE5F3E3F7FFEFCAEDF3FF5AB6C1DEDC589E12C6FECBB2E62CCD857C539F5D453DF79DC71C7FD6912DF797647FD07F2D84C79E7D9911AAF82963FF21CF0D2C464C5A939B3EFB462558AD6C1071F3CB895212B0F59514B01CAE4A0B92DA31CE89A052607CFF6C63E8D7AAECB2A5C4E697FFFFBDF6FADFCE6DF1C34DB57819BC52997CB84A1BDA96BDE3E1387B27524FBAEBB6DB9F016EDC3FFBC698AF35895B32BCDB32C79ACBEF9CD6F0EAE8C663B562E67053507A3B212566E9F495D39BB93A63B5F3F8F7BD9AB5C56CC724AB95363DF5C41EDB415A7E4B0347269B292D51C9CCBE9EFE6CF53FE4FFBEF220D591AC54ED9EA766ABB99FB72966A2635F6935DAF46D2D88F256F65247799E8A7592FB74DC3BE2735712AF3334D57ECFF2A4FBC1DC9BBCF4E54633F96C5A38C952B570EAEA4E7985A8E6BC94AF37699C86532591AB3F6B3D4EDC7A45E9B18CED2C67ED8458C19FB3AF65117C55FDD77DF7D93B50DE7B249794BDD1978A0CC1F780A4FFEC8D3D894273FA6296BAE6E666522A705CB0132B739FAE8A3070B4B9AAFE6968CB222FABEF7BDAFD5A49746BE9C1D28852645AAEC8D2EFBA39BA73FCBF69814B9BE81BDD0CDFBDE5CCD2D45370DE0A1871E3A78BB7CAFAC7C34B763B44F0A66C31EFBF1CC551AA7E60A66790C9A4F406C3F7094BDC7F95C1AB2F627C5B61FF84A4E32D92CCD7769D03BADD83757CC869ADCE5FB353FCECBF3B69FD12907E8F655E2FC4CF93B48DEDB0FC465C5B7D3F72CF92FF7773499D3D8BFF27791BA93C737CD5369A0F277DDBEB56FB4792B5B14B39A9F8CA531CFE4219948339E2D137B5213A72A3F72B567C7C7912E1E65DB6A598CC8712DCD761638F27F3249CCF5596C68D6CD525FB2FA9E45867206BD3C87A87DF4D2C4703636F62391779E1D78B5A9097FE7D9FEFEFE9727ED9D67E3339FF9CC9C134E3861D724ACDA6F9D3F7FFEFD79E92C8DFDC8470E7A294CE58965657F682E670F7C59C5CFFEF4B2BA590E7CCD7D7F7D5D9EF0D3FC3FB94D59252FAF66D1DC7BDFDC1AD45E70FA86D8F73ED2C63E4D6859596B6E036A16EC52F8867A229E03E5D007C0729AB76C9B6A7F35926EFB3B93937286A7FD76D9379A9CEEB7DF7EAF38059D866B345B71BA7DEFA11AFB6E4F32CFD7EDD498650F77A7ED235949CB96AFE4B86FE0792BA5A96C4E54E56AF8916C955A31DC569CD1E6ADFDB6993CA6BE74DA9A31969A3855F991AB3D6BEC47728CC959EE1CE3BA4DBACA0A7C73F1A12C3AE5737905A6D4AC3269CD759D1AF85E9A186AECBBCBEBDA97863B676D26C2E5975FDE5CAD9FBC85ED254B96ACCFAAD744CA7EFEFC50C3EDEFD4D8EFDCED95409A452605A3344BCDA2D3A9614AB39526AE6F609F7AA7EF91834F1EFBDC3E93835C9715B09C152807CE1CACDAFF5F2940E55555866AECCB932ADB5753B215281387E1F6D8E7E72B138EDCC7DCAFF6155A07CAE14739CB531E8F3C57A1AFC35ECFE6E3505650CB8129AB5579EC47B2629F57B769AEC60ED7D8E7314D16CB6A5A73C5AC9CB12A4F746C6FF8CAC1BAF93791FB939F2D5B34CAE9F8DCF74E996B3E57200D5A33A7E5FB776AE8E46ACFB6E28C256FDD1AFB34D1C95BFB6337DA9A3855F991AB896FEC87CB5BA76D7D1979CCB3B29FDB641B5756F653AF4ADEDA8FC1BD3431D4D80FD9D87FA234DD59B51FEF27D1E6EBCD9F3FFFE5C61B644DDEC2764E0DD47F08DB1F7DF4D10969EAEBD05F537F8F4D79BDDDD9189EF12C685905CD29E891DC3685217B98535452DC522CF2DAF3EDB72B2F2D97AF5D8A58D94E539AACD2F43747F6D367FF7B79626B73EBC45005B8D341B71C18CBC1B19CAE2CAB1765DBC8F2E5CB5BFF369F0CE54039B2333F65C2545652D3B80CD570753BF0B5BF4466B715FBE6C16E342BF67D1D5E36B53C0FA0AC9CB567ADB91296FB97CFBFEA55AF1A6CC2CA44202B6E652F6D73CF76B2DE6C16F324F2ACB8E5BEA54918C959020DD8FFFF1ED3F86494CC246769B0CAD697F21C8AF627C18F346FED8F77D9F6506A44B614EE494D9CAAFCC8D5D8C768178FBAED5FEFEBF25E2979FCCBABE224CB25CFC95E56EF7B7962A8B11FB6FFBDB934DE99B08DD74B5FE6387BC20927BCD45CAD9FF485EDFEFEFE0575317A71CB962DE3DAD43FF3CC33B7D73396A766E3169C892868594DEFB6029115FE3C6931A79CB397351380E6C1B36C73E9F404B3AC8CE5609CDBE7C0D5FE24A36E0D600EA665DF6CB727058DB4B12FAF90D1D7F684D97259411B5BAED2A864D5B434F479CCF2AA117D6DCF85E8F458E5B16FBFAE5363DF7E56A76C972A93C43C2FA3DB0179A4ABB979A58992C732E1CB36B43C39ADAFF124B6F27365D52C7B653FF6B18FB526A8796DEBBE81BDABE52C45EE63FE9ECA361FB91AFF57C519CDAAEB48F2D63ED240757BFCC65213A72A3F72357EABF7431D63869B4876FABFCDE784E46C76A737D1EBD589A1C67EF885ED8177736E35E0593CDCD3E63E7939FBECB39BFBEAB74DD9C2F682050B162D5EBC78DB78ADDC67A53E4DFDDCB9734F9ECDC1F18E7BDE4A5BAEE44AAE0CB99AFAC6BEBC824EDFC0CB58361BFB4CE4F224EA728631CFFBCA1BEF6594DB644B4ED99653DEA7A1AFED7D3C7A6962A8B11F5EDDA3CE2B4FA42D2BF763DD9693FFD7B6525F4DF9C2767EC0FEFEFE177EFAD39FFE7E0F9E50BBF51BDFF8C60FB3FDA61E0B677B681C281D28E54AAEE4CA90ABA9FF7D8EF68CD29E3C9F4BAEA6D5CAFDC266739F3DF7D99695E77A8DF4D56FF244D9E69EFA8C9E59D8CEA989FACEAD59B264C9E6FBEFBF7FFB685EA7FE861B6EB8BC9E18DC93FD44B3754FBD03A5822657722557865CC9955C4DAF95FB7A6C6D36E669F07316276F6295D5F8B24D27675EF28EB2D97AF59DEF7CA73AEAA8A3FED4F66EB7DB7A7261BBBE5387A7C15FB870E196152B563C7CFBEDB73F55FF209B32838DEDDBB76F7EF6D9677FB97AF5EAFF3CFDF4D3AFAD7F018FA7A1CF0F331B5FFD464153D0E44AAEE4CA902BB992AB69BB72FFF6E6CB608E71F4FEC2765EC8BFBE93CB06DE82F7897AEC18B8F3F9F7E9BC456EDE4D6BB6BDA3AC82A6A0C9952157865CC9955CCDB806FFF081067FD7681A7A0BDB1A7B4341932BB9922B43AE0CB9B2B08D826638507A3CE54AAEE44AAE0C8D3D28680A9A5C19722557722557720528680A9A5C197265C8955CC91568EC0D054DAEE44AAE0CB932E40A14344341932BB9922BB9922B43630F0A9A822657865CC9955CC9955C010A9A822657865C1972255772051A7B4341932BB9922B43AE0CB90205CD50D0E44AAEE44AAEE4CA902B50D00C074A43AEE44AAEE44AAE00054D41932B43AE0CB9922BB9028DBDA1A0C9955CC9952157865C81826628687225577225577265C81528688603A52157722557726568EC414153D0E4CA902B43AEE44AAE4063AF9028687225577265C8952157A0A0190A9A5CC9955CC9955C1972050A9AE14069C8955CC9955C191A7B50D01434B932E4CA902BB9922B404153D0E44AAEE4CA902B8FA75CC1CCB066CD1A85A477C68EBAA0ED922B43AEE44AAE34F61A7B60D46EBDF5D64D5BB66C514C7A606CDCB8F12775417B44AE0CB9922BB9326134610446EDA69B6E3A74EDDAB5BFFDCD6F7EB35D4199BA429683E4EAD5AB9FAAC7E17265C8955CC99509A3092330267571FE78FD87744F66C93905664CFAC8EFFD91997290942BB9922BB932613466FB8411000013461346000000000000000000000000000000000000000000000000000060E2FD1F01D717D974DA7B890000000049454E44AE426082, 1);
INSERT INTO `act_ge_bytearray` VALUES ('15002', 1, 'ClueReview.bpmn20.xml', '15001', 0x3C3F786D6C2076657273696F6E3D22312E302220656E636F64696E673D225554462D38223F3E0A3C646566696E6974696F6E7320786D6C6E733D22687474703A2F2F7777772E6F6D672E6F72672F737065632F42504D4E2F32303130303532342F4D4F44454C2220786D6C6E733A7873693D22687474703A2F2F7777772E77332E6F72672F323030312F584D4C536368656D612D696E7374616E63652220786D6C6E733A7873643D22687474703A2F2F7777772E77332E6F72672F323030312F584D4C536368656D612220786D6C6E733A666C6F7761626C653D22687474703A2F2F666C6F7761626C652E6F72672F62706D6E2220786D6C6E733A62706D6E64693D22687474703A2F2F7777772E6F6D672E6F72672F737065632F42504D4E2F32303130303532342F44492220786D6C6E733A6F6D6764633D22687474703A2F2F7777772E6F6D672E6F72672F737065632F44442F32303130303532342F44432220786D6C6E733A6F6D6764693D22687474703A2F2F7777772E6F6D672E6F72672F737065632F44442F32303130303532342F44492220747970654C616E67756167653D22687474703A2F2F7777772E77332E6F72672F323030312F584D4C536368656D61222065787072657373696F6E4C616E67756167653D22687474703A2F2F7777772E77332E6F72672F313939392F585061746822207461726765744E616D6573706163653D22687474703A2F2F7777772E666C6F7761626C652E6F72672F70726F63657373646566223E0A20203C70726F636573732069643D22436C756552657669657722206E616D653D22436C75655265766965772220697345786563757461626C653D2274727565223E0A202020203C73746172744576656E742069643D2273746172744576656E7431223E0A2020202020203C657874656E73696F6E456C656D656E74733E0A20202020202020203C666C6F7761626C653A666F726D50726F70657274792069643D227469746C6522206E616D653D22E69687E4BBB6E6A087E9A2982220747970653D22737472696E67222072657175697265643D2274727565223E3C2F666C6F7761626C653A666F726D50726F70657274793E0A2020202020203C2F657874656E73696F6E456C656D656E74733E0A202020203C2F73746172744576656E743E0A202020203C757365725461736B2069643D227369642D43384531363039332D453545392D343334452D393138442D35313336454245313432443222206E616D653D22E69CACE5A794E9A286E5AFBCE5AEA1E689B92220666C6F7761626C653A63616E64696461746547726F7570733D224C6574746572436C75655265766965773A62776C642220666C6F7761626C653A666F726D4B65793D2262776C64223E0A2020202020203C657874656E73696F6E456C656D656E74733E0A20202020202020203C666C6F7761626C653A666F726D50726F70657274792069643D2262776C645F636F6E74656E7422206E616D653D22E69CACE5A794E9A286E5AFBCE689B9E7A4BA2220747970653D22737472696E67222072657175697265643D2274727565223E3C2F666C6F7761626C653A666F726D50726F70657274793E0A2020202020203C2F657874656E73696F6E456C656D656E74733E0A202020203C2F757365725461736B3E0A202020203C757365725461736B2069643D227369642D43433441363035312D353031312D344537362D393636422D31334635463841323443393922206E616D653D22E58886E7AEA1E589AFE4B9A6E8AEB0E6848FE8A7812220666C6F7761626C653A63616E64696461746547726F7570733D224C6574746572436C75655265766965773A666766736A2220666C6F7761626C653A666F726D4B65793D22666766736A223E0A2020202020203C657874656E73696F6E456C656D656E74733E0A20202020202020203C666C6F7761626C653A666F726D50726F70657274792069643D22666766736A5F636F6E74656E7422206E616D653D22E58886E7AEA1E589AFE4B9A6E8AEB0E6848FE8A7812220747970653D22737472696E67222072657175697265643D2274727565223E3C2F666C6F7761626C653A666F726D50726F70657274793E0A2020202020203C2F657874656E73696F6E456C656D656E74733E0A202020203C2F757365725461736B3E0A202020203C757365725461736B2069643D227369642D43363930303332322D463346372D343633422D383036442D39393646453646324643393422206E616D653D22E4B8BBE7AEA1E5B8B8E5A794E6848FE8A7812220666C6F7761626C653A63616E64696461746547726F7570733D224C6574746572436C75655265766965773A7A6763772220666C6F7761626C653A666F726D4B65793D227A676377223E0A2020202020203C657874656E73696F6E456C656D656E74733E0A20202020202020203C666C6F7761626C653A666F726D50726F70657274792069643D227A6763775F636F6E74656E7422206E616D653D22E4B8BBE7AEA1E5B8B8E5A794E6848FE8A7812220747970653D22737472696E67222072657175697265643D2274727565223E3C2F666C6F7761626C653A666F726D50726F70657274793E0A2020202020203C2F657874656E73696F6E456C656D656E74733E0A202020203C2F757365725461736B3E0A202020203C757365725461736B2069643D227369642D35373038423230372D414530322D344635392D413241392D35463036314632413142393022206E616D653D22E5AEA1E69FA5E5AEA4E6848FE8A7812220666C6F7761626C653A63616E64696461746547726F7570733D224C6574746572436C75655265766965773A7363732220666C6F7761626C653A666F726D4B65793D22736373223E0A2020202020203C657874656E73696F6E456C656D656E74733E0A20202020202020203C666C6F7761626C653A666F726D50726F70657274792069643D227363735F636F6E74656E7422206E616D653D22E5AEA1E69FA5E5AEA4E6848FE8A7812220747970653D22737472696E67222072657175697265643D2274727565223E3C2F666C6F7761626C653A666F726D50726F70657274793E0A2020202020203C2F657874656E73696F6E456C656D656E74733E0A202020203C2F757365725461736B3E0A202020203C656E644576656E742069643D227369642D36364235323141352D423032412D344546352D383536372D354231423235374636313032223E3C2F656E644576656E743E0A202020203C73657175656E6365466C6F772069643D227369642D43463743463944352D333233302D343546322D423446382D4135303931353434393039302220736F757263655265663D2273746172744576656E743122207461726765745265663D227369642D43384531363039332D453545392D343334452D393138442D353133364542453134324432223E3C2F73657175656E6365466C6F773E0A202020203C73657175656E6365466C6F772069643D227369642D44304343384641432D373845312D344345322D393236302D4145344644313532423534462220736F757263655265663D227369642D43384531363039332D453545392D343334452D393138442D35313336454245313432443222207461726765745265663D227369642D43433441363035312D353031312D344537362D393636422D313346354638413234433939223E3C2F73657175656E6365466C6F773E0A202020203C73657175656E6365466C6F772069643D227369642D39454230343132412D393039302D344244322D383044382D3135393944303339414636312220736F757263655265663D227369642D43433441363035312D353031312D344537362D393636422D31334635463841323443393922207461726765745265663D227369642D43363930303332322D463346372D343633422D383036442D393936464536463246433934223E3C2F73657175656E6365466C6F773E0A202020203C73657175656E6365466C6F772069643D227369642D30364538424137302D353231432D344341372D393944342D4445453039374134383344442220736F757263655265663D227369642D43363930303332322D463346372D343633422D383036442D39393646453646324643393422207461726765745265663D227369642D35373038423230372D414530322D344635392D413241392D354630363146324131423930223E3C2F73657175656E6365466C6F773E0A202020203C73657175656E6365466C6F772069643D227369642D42443836393630392D323035462D343234442D423430372D4130373536383146313436442220736F757263655265663D227369642D35373038423230372D414530322D344635392D413241392D35463036314632413142393022207461726765745265663D227369642D36364235323141352D423032412D344546352D383536372D354231423235374636313032223E3C2F73657175656E6365466C6F773E0A20203C2F70726F636573733E0A20203C62706D6E64693A42504D4E4469616772616D2069643D2242504D4E4469616772616D5F436C7565526576696577223E0A202020203C62706D6E64693A42504D4E506C616E652062706D6E456C656D656E743D22436C7565526576696577222069643D2242504D4E506C616E655F436C7565526576696577223E0A2020202020203C62706D6E64693A42504D4E53686170652062706D6E456C656D656E743D2273746172744576656E7431222069643D2242504D4E53686170655F73746172744576656E7431223E0A20202020202020203C6F6D6764633A426F756E6473206865696768743D2233302E30222077696474683D2233302E302220783D2231352E302220793D223135322E30223E3C2F6F6D6764633A426F756E64733E0A2020202020203C2F62706D6E64693A42504D4E53686170653E0A2020202020203C62706D6E64693A42504D4E53686170652062706D6E456C656D656E743D227369642D43384531363039332D453545392D343334452D393138442D353133364542453134324432222069643D2242504D4E53686170655F7369642D43384531363039332D453545392D343334452D393138442D353133364542453134324432223E0A20202020202020203C6F6D6764633A426F756E6473206865696768743D2238302E30222077696474683D223130302E302220783D223130352E302220793D223132382E30223E3C2F6F6D6764633A426F756E64733E0A2020202020203C2F62706D6E64693A42504D4E53686170653E0A2020202020203C62706D6E64693A42504D4E53686170652062706D6E456C656D656E743D227369642D43433441363035312D353031312D344537362D393636422D313346354638413234433939222069643D2242504D4E53686170655F7369642D43433441363035312D353031312D344537362D393636422D313346354638413234433939223E0A20202020202020203C6F6D6764633A426F756E6473206865696768743D2238302E30222077696474683D223130302E302220783D223235352E302220793D223132372E30223E3C2F6F6D6764633A426F756E64733E0A2020202020203C2F62706D6E64693A42504D4E53686170653E0A2020202020203C62706D6E64693A42504D4E53686170652062706D6E456C656D656E743D227369642D43363930303332322D463346372D343633422D383036442D393936464536463246433934222069643D2242504D4E53686170655F7369642D43363930303332322D463346372D343633422D383036442D393936464536463246433934223E0A20202020202020203C6F6D6764633A426F756E6473206865696768743D2238302E30222077696474683D223130302E302220783D223430352E302220793D223132372E30223E3C2F6F6D6764633A426F756E64733E0A2020202020203C2F62706D6E64693A42504D4E53686170653E0A2020202020203C62706D6E64693A42504D4E53686170652062706D6E456C656D656E743D227369642D35373038423230372D414530322D344635392D413241392D354630363146324131423930222069643D2242504D4E53686170655F7369642D35373038423230372D414530322D344635392D413241392D354630363146324131423930223E0A20202020202020203C6F6D6764633A426F756E6473206865696768743D2238302E30222077696474683D223130302E302220783D223535352E302220793D223132382E30223E3C2F6F6D6764633A426F756E64733E0A2020202020203C2F62706D6E64693A42504D4E53686170653E0A2020202020203C62706D6E64693A42504D4E53686170652062706D6E456C656D656E743D227369642D36364235323141352D423032412D344546352D383536372D354231423235374636313032222069643D2242504D4E53686170655F7369642D36364235323141352D423032412D344546352D383536372D354231423235374636313032223E0A20202020202020203C6F6D6764633A426F756E6473206865696768743D2232382E30222077696474683D2232382E302220783D223732302E302220793D223135342E30223E3C2F6F6D6764633A426F756E64733E0A2020202020203C2F62706D6E64693A42504D4E53686170653E0A2020202020203C62706D6E64693A42504D4E456467652062706D6E456C656D656E743D227369642D30364538424137302D353231432D344341372D393944342D444545303937413438334444222069643D2242504D4E456467655F7369642D30364538424137302D353231432D344341372D393944342D444545303937413438334444223E0A20202020202020203C6F6D6764693A776179706F696E7420783D223530342E393439393939393939393937332220793D223136372E333333223E3C2F6F6D6764693A776179706F696E743E0A20202020202020203C6F6D6764693A776179706F696E7420783D223535352E302220793D223136372E3636363636363636363636363639223E3C2F6F6D6764693A776179706F696E743E0A2020202020203C2F62706D6E64693A42504D4E456467653E0A2020202020203C62706D6E64693A42504D4E456467652062706D6E456C656D656E743D227369642D44304343384641432D373845312D344345322D393236302D414534464431353242353446222069643D2242504D4E456467655F7369642D44304343384641432D373845312D344345322D393236302D414534464431353242353446223E0A20202020202020203C6F6D6764693A776179706F696E7420783D223230342E393439393939393939393935352220793D223136372E3636363636363636363636363636223E3C2F6F6D6764693A776179706F696E743E0A20202020202020203C6F6D6764693A776179706F696E7420783D223235342E39393939393939393939393632352220793D223136372E333333223E3C2F6F6D6764693A776179706F696E743E0A2020202020203C2F62706D6E64693A42504D4E456467653E0A2020202020203C62706D6E64693A42504D4E456467652062706D6E456C656D656E743D227369642D42443836393630392D323035462D343234442D423430372D413037353638314631343644222069643D2242504D4E456467655F7369642D42443836393630392D323035462D343234442D423430372D413037353638314631343644223E0A20202020202020203C6F6D6764693A776179706F696E7420783D223635342E393439393939393939393939392220793D223136382E30223E3C2F6F6D6764693A776179706F696E743E0A20202020202020203C6F6D6764693A776179706F696E7420783D223732302E302220793D223136382E30223E3C2F6F6D6764693A776179706F696E743E0A2020202020203C2F62706D6E64693A42504D4E456467653E0A2020202020203C62706D6E64693A42504D4E456467652062706D6E456C656D656E743D227369642D39454230343132412D393039302D344244322D383044382D313539394430333941463631222069643D2242504D4E456467655F7369642D39454230343132412D393039302D344244322D383044382D313539394430333941463631223E0A20202020202020203C6F6D6764693A776179706F696E7420783D223335342E39353030303030303030303030352220793D223136372E30223E3C2F6F6D6764693A776179706F696E743E0A20202020202020203C6F6D6764693A776179706F696E7420783D223430352E302220793D223136372E30223E3C2F6F6D6764693A776179706F696E743E0A2020202020203C2F62706D6E64693A42504D4E456467653E0A2020202020203C62706D6E64693A42504D4E456467652062706D6E456C656D656E743D227369642D43463743463944352D333233302D343546322D423446382D413530393135343439303930222069643D2242504D4E456467655F7369642D43463743463944352D333233302D343546322D423446382D413530393135343439303930223E0A20202020202020203C6F6D6764693A776179706F696E7420783D2234342E3934393438333939343634392220793D223136372E31313935393634363835333334223E3C2F6F6D6764693A776179706F696E743E0A20202020202020203C6F6D6764693A776179706F696E7420783D223130342E39393939393939393939393932392220793D223136372E36223E3C2F6F6D6764693A776179706F696E743E0A2020202020203C2F62706D6E64693A42504D4E456467653E0A202020203C2F62706D6E64693A42504D4E506C616E653E0A20203C2F62706D6E64693A42504D4E4469616772616D3E0A3C2F646566696E6974696F6E733E, 0);
INSERT INTO `act_ge_bytearray` VALUES ('15003', 1, 'ClueReview.ClueReview.png', '15001', 0x89504E470D0A1A0A0000000D49484452000002F6000000DA0806000000CD10064400001B124944415478DAEDDD0D8CDD659D2FF0266A5CD76B5C138CD7785D356B5C63BC5EE38DF11A2F5E62D6788D4BD0552CB623742B6991958A22D717344591585FF165CDAAEB55E1724597B0C8B25C105A2814A49197401744E9CA8B08AD65BD15BBB6D622FF7DBE67E799FCFBEF39F3D6793933F3F9244F66E6CC99993373BEF3FC7EFFE7FF9C73962D0300000000000000000000000000000000000000000000000000000000000000000000000000000000000000000000000000000000000000000000000000000000000000000000000000000000000000000000000000000000000000000000000000000000000000000000000000000000000000000000000000000000000000000000000000000000000000000000000000000000000000000000000000000000000000000000000000000000000000000000000000000000000000000000000000000000000000000000000000000000000000000000000000000000000000000000000000000000000000000000000000000000000000000000000000000000000000000000000000000000000000000000000000000000000000000000000000000000000000000000000000000000000000000000000000000000000000000000000000000000000000000000000000000000000000000000000000000000000000000000000000000000000000000000000000587A9AA679FC3DF7DC73E1D6AD5B7FBF69D3A6E6AAABAE32E6786CDCB8B1B9EEBAEBFEA58C11B932E40A4003662894D3924C6DD9B2A5D9B56B57B37FFF7E639EC6C30F3FDC5C7BEDB58F948CBD45AE0CB95207D54158E4144A857236A440CAD4D0646B7F299C77C9952157EAA03A088B9C42A950CE86AC7AB94F8767945C1D902B43AED441751016398552A19C0D39B5EAFE1CAA5C357265C8953AA80EC222A7502A94F399AB7FFDD58EE69E9BBED9DCB9F163BD91F773992CC8955CC9953A2857804269425B20B9DAB3FBC1E68EEF7FA4B9FDB2D30F1AB92C9F9307B9922BB95207E50A50284D680B20570FDCF90F8764AA8E9FDF79A93CC8955CC9953A2857804269425B08B9BAEB9A4F0ECC553E270F72255772A50ECA15A0509AD01640AEEEB8EACC81B9CAE7E441AEE44AAED441B902144A139A5C1972255772255772051A7B139A096D2E7295079F0DCA553E270F72255772A50ECA15A0509AD01640AEB6DFF0D7037395CFC9835CC9955CA9837205289426B40590AB5F3EB8ADB9E3CAF587AE7E95CBF23979902BB9922B7550AE0085D284B600729571EFCDE71D92AB5C260B72255772A50ECA15A0509AD0164AAE7EFBDB66FB0FFEE6D0D5AF72593E270F72255772A50ECA15A0509AD0863C57794197BB6FF8D2C053DBF99C177D912BB9922B7550AE0085D28436ACB92A0570C7F6AB9B7FBAE24303335547AE93EB2A9A72255772A50ECA15A0509AD08628571315474553AEE44AAED44143630F0AA5096D01E46A32C571BCA2291F72255772A50ECA15A0509AD0862057D3CD541DF22157722557EAA05C010AA5096D584E6D1B72255772A50E1A1A7B50284D687265C895FB53AEE44AAE00139A094DAEE44AAE0CB9922BB9028DBD6142932BB9922B43AE0CB962D6344DF307DBB66D5B7BEEB9E75EBB61C38647D6AD5B7760D5AA55CD71C71DD78C8C8C3CF6CE77BE73FF19679C71CF273FF9C9F3CBF8537F31139A094DAEE44AAE0CB9922BB962C81AFA8B2EBAE8BCB3CE3AEBC0A9A79EDA7CF5AB5F6DB66EDDDA3CF8E083CDBE7DFB9AC8DB5DBB7635B7DC724B531AFFE6DDEF7EF763EF79CF7BEE5BB366CD89FE822634139A5CC9955C1972255772B550AD5CB9F23F2D5FBEFC5DC71D77DC85656C2F634F16B6CBD857C6BDE5731797B7EFCBF586FA17290DFCEA8F7FFCE3BF3DFDF4D37B4DFBA38F3EDA4CD66DB7DDD67CE0031F7874EDDAB5771D7BECB1CF170B139A094DAEE44AAE0CB9727FCAD542F1B6B7BDED8D655C55C6FED1467E32E39A72FD91615BA57FFC25975C72F549279DD45C7AE9A5536AE8BBAEB8E28A66F5EAD57BADDE9BD04C687225577265C895FB53AE865D69CE9F5B9AF32BA6D0CCF71B5B8662613B4DFDE6CD9B7F78CA29A73477DF7D773313EEBBEFBEA61C24EC3DF1C413FF4A636F2231A1C9955CC9952157865C0DA3E5CB971FB762C58AFFDF6ED257AE5CD97CE2139F68AEBEFAEAE6673FFB59F3EB5FFFBAD7DFFEE637BFE96D4DBFE1861B9A73CE39A779FBDBDFDE6DEEF7CCFBEA7D56EAD3D467CFFC4CCAF75BB366CD9EA13B3D614233A1C99521577225577225579AFAE5CBFFBCF4A98FB61BFAF3CF3F7FD23DF1EEDDBB7BD7CFD7B51BFCF23DE767D74AF6D467FBCD4CADD4F75BB93FFEF8E377975FF0851A7BC3842657722557865C1972352C2BF5EDA6FEBDEF7D6F6F757E3AF275797C6AA7B99FDB85ED3CFBCDC73EF6B1FDD9533F9B2EBBECB2BDE548E6468DBD6142932BB9922B43AE0CB99A6FD953DFDE7EB37EFDFAB1ED36D3956D3A679F7D76775BCEDC2D6C5F7CF1C5FF374717BFFBDDEF9AD976F2C927EF5C8A5B724C682634B9922BB932E4CAFD2957C3A534F51BDB2BF587DBD4B79BFBCECAFD96395BADCFF3D4E7292DE7C2EDB7DFBE7F29AEDA9BD04C687225577265C895FB53AE86479ED2B2BDA77EBADB6FC6DB96D3DE733F270BDB7945D93C60F6709ED672AA56AF5EBD33A73E1643288E3AEAA8C79BD04C680AA5B1107235FA9CCCFF5DAEE46A26AD5AB5EA8FCC5772B5401BFBAB6AD39D07BECE860B2EB8606E57EDCF3DF7DC6BBFFEF5AF3773E99C73CEB92DAFD2B548F6666DC92B929589ED0F4C6826340D985C0DF97C55578DAE2AF3D67F932BB99AA15CDD55C6A7276AF0E54AAE86A986E69562EB0366B3AAFECB5FFE72567ADE3C5B4EE7A9306777617BC3860D8F6CDDBA754E1BFB1FFCE007F7955FECD245D2D8DF3B7A47ED28E3A4410DBE09CD84A60193AB61C9556B5CDEAFF8C9955C4DA70E96B96A7779FBE1638F3DF63F98AFE46AD86B681665EBF53EF5A94FCDF682767BDE9DDD85ED75EBD61DD8B163C79C36F63B77EEDC557EB10716497876740AE5BDD9B3654233A169C0E46A01E46AACF8B5F325577235C55C3DDCCED36883BFAABB5555AEE46A986A68B9ECC2FAF9CD9B37CF6ADF9B17B16ADD96D95DD85EB56A55B36FDFBE396DECF3F3CA2FB66F9186A78E9B4A88FEA709CD84A60193AB05305F8D15BFAC6EC9955CCD50AEEE5207E56A586B68F9787BBD7CA61F34DB9557A86DDD8E0766FD979F0FA3BF5CF636EDCBF37B8E1EE16725FFA1327E56C63D65FCA4DC017796B7B797714B195BCBB8BE8CCD65E4E9892ECF914FF9DA8BCBF5FEAEBCFFED32CE2BEF7FA3BCFD6AB9FCCBE5ED17CAC79F2D6F3794B71F2F6FCFCCA9C232DE5F3E3EAD5CE7DDE5EDC9E5E33565AC2E1F1F5F3E7E5B797B6CF9F84DE5DDA33331BDF5AD6FFDB3F2F151094479FB8A152B56FCD7729DFF328942794BB9DE312634139A066CF18F49DC6F0B62C8D5708D527772BF1C28636F19BF1A5D214FADBCBF8C7F4E035DE6836DA375F2C632AE2B6353B9EC8AD4C832FEBE8CEF96EF737EAD8F65FC75F9FC39E5E34F95F7CF4E6D2C1F9F513EFE5F659C5A3EFEABD4C572D95FE6993CCAFBE5DDE57F919A58EADFEBCADBD794CB8ECC3C34993A9833D972A50E0E530D1DFD7FEA7D3C534F7139DE535FB67EF6EC2E6C9F70C2098FCDF58AFDDEBD7BF3AC38FB729A2E7BD2B31F2F0FBA296F9F3E3232F2CCF2B96797F79F57268C1794B72F2A13C24BCAFB2F4B435D1AEC57958FFF471AED34DCA32F01FCC634E269C8CB75DE9E892813D268C3BEAE7CFCDE34F299B4CADBF5A30DFE86F2F167CAFB9F1F3D00C844F7BFCBC7E7E60061F440E1EFCBE7FE61F4144E1E397DCDE881450E306E2EE3B689C253BEEEF7398031A169C086A5012BFFF64D1E309F070AE5FD9FFFFCE77DAF97EB5C76D965877CEDC5175F7CD0650F3FFC7053FE977BE3F8E38F6F2EB9E492E6A28B2EEA5D370F1ACA7532C7E4E37E3FE7F2CB2F6F9EFCE4278F7D7CE38D37362F79C94BFADEEE33CE38A3F77E6E577E56FD794F7DEA53C7FD5BE46BBFF0852F8CFB77C96D7CCA539ED2BCFEF5AF3FE87BE76BBFF5AD6F2DF603C69B3297D6AD1333395FDD71C71DBDBF614E458F77BDC9E6AD7D7FE5F33FFEF18F9B57BCE2154DA91D63975D7BEDB5E3FEAC7BEFBDB7F77D3FF2918FF4AE7FEAA9A74EF83F3317F9192F57B96F8E3EFAE83F2C35F1A9A5AE1C915A59DEFFE372BFFD495EF866E5CA95FF397572B4D13E328D771AF0DCAFA38B546F2DEFAFACF5318D7B1AF8F2F1E9E5FD0FD5DA98463F0D7F1AFFD4C5D10381FF53C677CAB8283571F48061D3E801C48D9398ABB28877401D54078775CCE182766FCCEA447FCA29A7EC9FEB3DF60F3DF4D04F16D11EFB4141C941C051B3710AF2C20B2F6C8E38E288495F7F32452CC5319F2BF74DAFB12A074EBDD12E4E5FFBDAD7C6AEFFC31FFEB079D39BDE34769D41D71B54243FF399CF4C789DF7BDEF7DBDF7BFFBDDEFF68A66BD3C4F49B58457EC0FAB01BBF9E69B7B7FC3DC7FF5EF39A8E1CAE75EF08217F4EED7673DEB59BDAFC9656F7EF39BC7EEEBAC42E4BA394878F9CB5FDEBCE635AFE97DEE694F7B5AEFB23475DBB66D1BFB7EF57BE7EB5EF9CA57F6AEFBD18F7EB4D7D8A769CFC7C9465EB12FD7AFF77B460E4072D9030F3C70D0E5F57B7FE94B5F3AE8B24D9B36F5BE5F46BEF7339EF18CB1DBFDE52F7F79E0EF9CDB9BFF83F665F99F5BA4B93A284FB3B565224DFB78079153CDDB962D5B7A97E57E3CEBACB39AE73FFFF9CD8B5EF4A2E639CF794E73D249278D5DFFFEFBEF1FFBFEB94F7379E69334E0AF7DED6B9B471E7964E0ED998FFC2CC2F9EAC2D9AA83875B63DA23F7EBD39FFEF4297DFFFC7E53B9FE7C1E185AB1EF3FE765B7C8A25CB12FCDDEF6B97E569CEF7FFFFBFF6F313C2B4ECE3674027360745BD0AC3EC83185290570BCEB4CB5883DE1094FE8AD7AEEDCB973AC69CAEA59BB98B64726C13471FD26B06EE39DD5B3DC963A513DF399CF6C8E3CF2C8B1A299D5DDE73DEF797D5795EBFBE79D77DED8FBF99D9660633F230D58FE7E79F47FFDF8CA2BAF6C5EF6B2971D72BDFCBDD3947FE31BDF68B66FDFDE5C73CD35637FF7F6FD51C79E3D7B7A9767F5BDDDE0D426ADDBD8D7AFA92BF6C95EFB364E7470385EEE92DFFCDCACE0D6C2F8ED6F7FBB571C6B9395DFABDBF8B56F77DEBEFFFDEF5FCC8DFD8D39D339E875380E77BECA01641AF2DA946761210772EDA63BEF4F376F13CD033FFDE94F7BD7C9DB1C60BEFAD5AFEE8D3A077DF0831FEC2D8ED483C97CAF5C3F070CF3999F8598AB9C71EFCC55FBB2E25FC68BE7EAC1FE53AD3199F772FFD6FB388B5E598CA879C85CD23E10CD62C2B39FFDECB13CE7FE7FE2139FD85B7CAA3F337576580F0C35F6FD6BE8A2DD63FFE94F7FFAEB73FD3CF6EBD7AFBF6C313C8F7D9E8BB4D5D0FFED78CF4D7A38135A77DB41B728D582932D11532D62EDA6EC473FFA51EF6D26C16422CDD6C9279F7CC86A592DC49908F3F2CBDDD5857C9FF6CA5CB708E7E3ACB2B50F2A721BEBD985FA7DF23BE4E7D4D3EDDDC239D10A8806ECD0A2B16EDDBABE97D7E6BB8E6420F7438A638A58EE9F1CCCE5B217BEF085BD46A75DF86A865EF5AA571DB45A9AF7B392DAAFB16F6FC5E936F6EDBCA4D1CBF7C9F69CCF7FFEF31336F6F58C407292863207C1B5A1AC071AB7DE7AEBB885B57D1B165963DFF70071A61BB0EE1995ACA8E78CCEA0EB4F256F99E3EADC75DB6DB7F5CE1C66D4392879AB5BC0BA07911999B39EF4A42735471F7D74EF67F5BB3DF3959F8598AB561DDC33BA67FF88D9CAD57873DB646B4C370FA37FDBDEFD3AE8F6E5F32B56AC18F8F3337FD533CCC37860B8C41BFB813574D13E2BCE873FFCE13F79D7BBDEF5FB397CE5D97DE51FE4A78BE19567F3E206E5F7F8E6647E97C399D0DA0D752682FCA3B79BDDEE986A11AB0D5F1AA87CFFB56BD7F62ECB0A7F26A67E7B5D73CA3B8D77F77B25BC29AADDA6AFBD7A91CFAD5EBDBAF77E2DC883F681D7F7B3DA915596BC9F959789F6D06AC00E1E698AB3625A0FC2DA076359B1FFDCE73E37B6329AB336793F2BA829467525AC5E3FF77D3D084C66F2FDBFF295AF8C6DF3AA2B6639A5DCAFB16F1F7CF6DB8A93EBD5C2970C25FF299629CEF5F477FBF7A95FD3FD5BA4214BA3D82F5B834E6DB70B6B3D985D4C8DFD64CD7403365E633F9DBCD591DC653EC83C57AF9BB96EBC55FCDAC8BDEE75AF1BDBDE95D5D89C65681F90CC477E16E88AFD7FCC036F27F3EAB3B3D5D84FA7C6645C7AE9A5632BE95918C8F7A8677ADAD7CB815C0E266B63D65DCCEA6E031CB603C325DAD84F584317EDF3D8479914FFF9965B6E99AB6D38E7CFC94BEA2ED242997FF2AC646512CA2A7CFB94DD748A580E0EDAFBAD6BF3DF9E60B22AD66DECEB0498E62ADB7C5260D320E66D0E24BADB3BDA9353DEAF070CDDD5DAF6F5D3F8D53DE1D9F73F682FF5529ED02693AB344EED15CC5A8CDA0F40EC168EBA6D2B9F4B43D67D506CB7F0D5BC2493B5F9AE79EAB762DF3EF81C2F03F979ED8FF3F4BCDD03BF5AA0BBABC4F99D727A3C071BDD425C577CFBFDCC9AF77A7BA7B2FD4B637FF0DFE2C4134FECDDBF699E6A03956D56DD338053CD5B3D9399D5FC642C735A0E1E928934E3D932D13EE393D5DA64A11E34E47BE6B6D5662B19E96E539B8FFCC8D5E1D5C6C9D6989CDDAE8B11A96B69B653B3F2353948CCE5596C68CF9B757EC9EA7B1619EA425B7D0C51770CD381E1526CECA7B0387B602E5E79766464E4B1397BE5D978C73BDE71EC69A79D76600E56ED77AF58B1E2D63C7596C67E7A13571AEAFC9367C5B23EAB49565B0FA788D5AD0E2F7DE94B7B4D7A2D4CF5EC409D683201D6073DD6073EB6F735D6ED3169BC978D3EC8B17DDBDBDB34EA6A4A56768F39E698B1EBE567E594E6B2D63EEBEE84BD14F6D8CF66AEDAA779EBD995EEB3910CDADF99E2560F04BBD7CBBED114D017BFF8C5079D824EC33595AD38837EF6788DFDA0C7A2E4FBF66BCCB287BBDFF691ACA4E5CC50725CB7B7D5A6B29D67B99A78245BB5799F682BCE54F3D6BD6E0E1E33BFF4DB9A51CFF8D48381F65EE865E33C08723EF2235787571F275363B2189605A341F5A42E1EB5171F6A6DCAE7F20C4C99B3EA416B2EEBD7C00FD381A1C67EB0D1673CECCD0359309D0D175C70417BB57EEE16B6D7AE5DBB2DAB5EB329FBF9F34B4DB4BD4063BFFF90D5D31498FA8C1175CF7CDECF1EF8BA8A9FFDE9D32962EDAFC975EA2A797D9ABAF6DEFBF6D6A07E8DD7A07DEF939D74B3BA5CCF36B4B701B51BFB3AC18EF70C1B0A65FF510F06EB835CB3A569599FBD9EEDFBADAEA0D6C294D5AA149FC9ACD8E7D96DDAABB11335F6C961E6A1BA9AD65E31AB07B6F53122DD86AF16EB7621CEEDC9EF962D1AF5747C6E7B323DE8947EBE771AB47606EBCFEFD7D0C9D5E16DC5994EDE0635F6993B92B7EE7DD7CE5A0E4073605BB7F80DBA2DF3911FB99AFDC67EA2BCF5DBD69791FB3C2BFBB94ECE8067653FF355CD5B77E57E980E0C35F6E336F66FAC4D7756ED67FA41B4F97E2B56AC78ACF514E873B7B09D5303E51F61EFDD77DF3D2B4D7D09FD25E567ECC8F3ED2EC5F04C7742ABDB67DAAB0729667515B45D84A65BC43279A499CAF5737090CB726A3B67056AE1CC64D3FDBABAB2509F2E71BCC6BE3692DDD3A4D90AD4AF482EEBECB1CFEF570F38721B73BBBA5B2F14CA890F10EBDFB51E9CA57119AFE11A54F8BA4F913968C5BE9DCBA9ACD82FEBF3EC4AF57100F5C0AEBD4DA77E4D5D09CBEDCBE71FF7B8C78DE5AB1E0864C5AD6E256BEFD94EE16C378B79AC490E8C73DBD2244CE62C8106ECDFFF8E697C326A6692B33458F52C5F7D0C45F7B13293CD5BF7FEAEDB1EEAD6B29C791C74FB32DFE5711DF9FE69F872FD3C6D6FF7B142F3911FB99AFE986A8D19B47F7DD980A754CEFD5F9F152759AE794EF6B27A3FCC07861AFB09FBDF6B6AE39D03B6997AEACBD4D9D34E3BEDD1F66AFD9C2F6C8F8C8CAC2C93D16F76EDDA35A34D7D694EAF2F472CF72FC52D38B331A1657B43F6964EE6BA93296275D2AA5B27EAEA44DD4E53574F6BD3DF1ED94F9FFDEFF581ADDD666BD064DA6F35AD4E6C7572ABFB10EB69C95AB4D7AF5FDF7BDB7E96038572FC9146250783B5A1CFDF32CF1AD1DD32D5EFBECA415FF7B27E8D7DF7E0AF9E55A959CAF6AD410579B2ABB979A689BAA7BEE62267ABF2E0B465ADC75FD4DF2BAB66D92BFB8637BCA197E33CB7F5B2D1BDABF52C456E63FE37EA361F8572E69F15672AABAE93C95B77A4811A74FFE5FECD03B9730633DBFB3277B60F28EA19C2F6836EE72B3F723573ABF7836ACC640E24FB7D6DFB312159F4EAF7227AC37A60A8B19F78617BF4D59C7B0D787A8CC36DEE9397B3CF3EBBBDAF7ECFBC2D6CAF5CB972F59A356BF6CCD4CA7D56EAD3D42F5FBEFC034B39383339A165357DD0A9C5E914B1F6538265952DD7CFC4D37DF68041CD578A787D40DCA047FB4F65D2AD0F986B3F60B6BE6F429B9F4269C89521578BA5B1AFCFA0B36CF4692CDB8D7D0EE4F2F8B37A8631DB43F39A2D19F53AD99253B7E5D4D76958D6791D8F613A30D4D84FACF4A8C7D507D2D695FBE96ECBC9D77556EA9B795FD8CE2F383232F2C8F7BEF7BD7F3D8C07D4EEFEEC673F9BA782DC51C6AAA51E1A8552A1942BB9922B43AEE6FFEF39D5334A87B3ED53AE16D4CAFDAA76739F3DF7D99695C77A4DF6D96FF240D9F69EFA8CA159D8CEA98972E336AD5DBB76E7ADB7DEBA772ACF537FE595575E500E0C6ECA7EA2A5BAA75EA134A1C9955CC99521577225570B6BE5BE8CDDEDC63C0D7ECEE2E445ACB21A5FB7E9E4CC4B5E51365BAFBEF8C52F36279C70C2EF3BAF76BB672817B6CB8D7A4B1AFC55AB56EDDAB061C39DD75F7FFDFDE517D99123D8D8BB77EFCE871E7AE8271B376EFCC733CF3CF3F2F207B8270D7D7E99A5F8EC372634139A5CC9955C1972255772B56057EE9FDB7E1ACC698EE15FD8CE13F9971B79EAE84BF0DE5BC6BED11B9FB70FE42572F36A5A8BE115654D682634B932E4CAFD29577225574BBAC17FCB68837F602A0DBD856D8DBD6142932BB9922B43AE0CB9B2B08D09CD5028DD9F72255772255786C61E4C682634B932E44AAEE44AAEE40A30A199D0E4CA902B43AEE44AAE40636F98D0E44AAEE4CA902B43AEC0846698D0E44AAEE44AAEE4CAD0D88309CD842657865CC9955CC9955C012634139A5C197265C8955CC91568EC0D139A5CC9955C197265C81598D00C139A5CC9955CC9955C197205263443A134E44AAEE44AAEE40A30A199D0E4CA902B43AEE44AAE40636F98D0E44AAEE4CA902B43AEC0846698D0E44AAEE44AAEE4CA902B30A1190AA52157722557726568ECC1846642932B43AE0CB9922BB9028DBD89C4842657722557865C1972052634C3842657722557722557865C8109CD50280DB9922BB9922B43630F2634139A5C197265C8955CC915604233A1C9955CC9952157EE4FB9028DBD61421B64D3A64DEECFE119FB4AAE0EC8952157EAA03A088B9C42A950CE86EBAEBB6EC7AE5DBBDCA743301E7CF0C1EF945CDD2557865CA983EA202C720AA542391BAEBEFAEA63366FDEFCAB5FFCE2177BDDB7F3572093A98D1B37DE5FC65BE4CA902B75501D84454EA15428674BF95DFEBC4CD03765F525A7568D391FF9BBDFB59832255772A50EAA838042A95002A00EAA83000000000000000000000000000000000000000000000000000040F56F8BC44D8F55A840440000000049454E44AE426082, 1);
INSERT INTO `act_ge_bytearray` VALUES ('2', 1, 'ClueReview.bpmn20', '1', 0x3C3F786D6C2076657273696F6E3D22312E302220656E636F64696E673D225554462D38223F3E0A3C646566696E6974696F6E7320786D6C6E733D22687474703A2F2F7777772E6F6D672E6F72672F737065632F42504D4E2F32303130303532342F4D4F44454C2220786D6C6E733A7873693D22687474703A2F2F7777772E77332E6F72672F323030312F584D4C536368656D612D696E7374616E63652220786D6C6E733A7873643D22687474703A2F2F7777772E77332E6F72672F323030312F584D4C536368656D612220786D6C6E733A666C6F7761626C653D22687474703A2F2F666C6F7761626C652E6F72672F62706D6E2220786D6C6E733A62706D6E64693D22687474703A2F2F7777772E6F6D672E6F72672F737065632F42504D4E2F32303130303532342F44492220786D6C6E733A6F6D6764633D22687474703A2F2F7777772E6F6D672E6F72672F737065632F44442F32303130303532342F44432220786D6C6E733A6F6D6764693D22687474703A2F2F7777772E6F6D672E6F72672F737065632F44442F32303130303532342F44492220747970654C616E67756167653D22687474703A2F2F7777772E77332E6F72672F323030312F584D4C536368656D61222065787072657373696F6E4C616E67756167653D22687474703A2F2F7777772E77332E6F72672F313939392F585061746822207461726765744E616D6573706163653D22687474703A2F2F7777772E666C6F7761626C652E6F72672F70726F63657373646566223E0A20203C70726F636573732069643D22436C756552657669657722206E616D653D22436C75655265766965772220697345786563757461626C653D2274727565223E0A202020203C73746172744576656E742069643D2273746172744576656E7431223E0A2020202020203C657874656E73696F6E456C656D656E74733E0A20202020202020203C666C6F7761626C653A666F726D50726F70657274792069643D22666F726D4B657922206E616D653D22E69687E4BBB6E6A087E9A2982220747970653D22737472696E6722207772697461626C653D2266616C7365223E3C2F666C6F7761626C653A666F726D50726F70657274793E0A2020202020203C2F657874656E73696F6E456C656D656E74733E0A202020203C2F73746172744576656E743E0A202020203C757365725461736B2069643D227369642D43384531363039332D453545392D343334452D393138442D35313336454245313432443222206E616D653D22E69CACE5A794E9A286E5AFBCE5AEA1E689B92220666C6F7761626C653A63616E64696461746547726F7570733D224C6574746572436C75655265766965773A62776C64223E0A2020202020203C657874656E73696F6E456C656D656E74733E0A20202020202020203C666C6F7761626C653A666F726D50726F70657274792069643D2262776C645F636F6E74656E7422206E616D653D22E69CACE5A794E9A286E5AFBCE689B9E7A4BA2220747970653D22737472696E67222072657175697265643D2274727565223E3C2F666C6F7761626C653A666F726D50726F70657274793E0A2020202020203C2F657874656E73696F6E456C656D656E74733E0A202020203C2F757365725461736B3E0A202020203C757365725461736B2069643D227369642D43433441363035312D353031312D344537362D393636422D31334635463841323443393922206E616D653D22E58886E7AEA1E589AFE4B9A6E8AEB0E6848FE8A7812220666C6F7761626C653A63616E64696461746547726F7570733D224C6574746572436C75655265766965773A666766736A223E0A2020202020203C657874656E73696F6E456C656D656E74733E0A20202020202020203C666C6F7761626C653A666F726D50726F70657274792069643D22666766736A5F636F6E74656E7422206E616D653D22E58886E7AEA1E589AFE4B9A6E8AEB0E6848FE8A7812220747970653D22737472696E67222072657175697265643D2274727565223E3C2F666C6F7761626C653A666F726D50726F70657274793E0A2020202020203C2F657874656E73696F6E456C656D656E74733E0A202020203C2F757365725461736B3E0A202020203C757365725461736B2069643D227369642D43363930303332322D463346372D343633422D383036442D39393646453646324643393422206E616D653D22E4B8BBE7AEA1E5B8B8E5A794E6848FE8A7812220666C6F7761626C653A63616E64696461746547726F7570733D224C6574746572436C75655265766965773A7A676377223E0A2020202020203C657874656E73696F6E456C656D656E74733E0A20202020202020203C666C6F7761626C653A666F726D50726F70657274792069643D227A6763775F636F6E74656E7422206E616D653D22E4B8BBE7AEA1E5B8B8E5A794E6848FE8A7812220747970653D22737472696E67222072657175697265643D2274727565223E3C2F666C6F7761626C653A666F726D50726F70657274793E0A2020202020203C2F657874656E73696F6E456C656D656E74733E0A202020203C2F757365725461736B3E0A202020203C757365725461736B2069643D227369642D35373038423230372D414530322D344635392D413241392D35463036314632413142393022206E616D653D22E5AEA1E69FA5E5AEA4E6848FE8A7812220666C6F7761626C653A63616E64696461746547726F7570733D224C6574746572436C75655265766965773A736373223E0A2020202020203C657874656E73696F6E456C656D656E74733E0A20202020202020203C666C6F7761626C653A666F726D50726F70657274792069643D227363735F636F6E74656E7422206E616D653D22E5AEA1E69FA5E5AEA4E6848FE8A7812220747970653D22737472696E67222072657175697265643D2274727565223E3C2F666C6F7761626C653A666F726D50726F70657274793E0A2020202020203C2F657874656E73696F6E456C656D656E74733E0A202020203C2F757365725461736B3E0A202020203C656E644576656E742069643D227369642D36364235323141352D423032412D344546352D383536372D354231423235374636313032223E3C2F656E644576656E743E0A202020203C73657175656E6365466C6F772069643D227369642D43463743463944352D333233302D343546322D423446382D4135303931353434393039302220736F757263655265663D2273746172744576656E743122207461726765745265663D227369642D43384531363039332D453545392D343334452D393138442D353133364542453134324432223E3C2F73657175656E6365466C6F773E0A202020203C73657175656E6365466C6F772069643D227369642D44304343384641432D373845312D344345322D393236302D4145344644313532423534462220736F757263655265663D227369642D43384531363039332D453545392D343334452D393138442D35313336454245313432443222207461726765745265663D227369642D43433441363035312D353031312D344537362D393636422D313346354638413234433939223E3C2F73657175656E6365466C6F773E0A202020203C73657175656E6365466C6F772069643D227369642D39454230343132412D393039302D344244322D383044382D3135393944303339414636312220736F757263655265663D227369642D43433441363035312D353031312D344537362D393636422D31334635463841323443393922207461726765745265663D227369642D43363930303332322D463346372D343633422D383036442D393936464536463246433934223E3C2F73657175656E6365466C6F773E0A202020203C73657175656E6365466C6F772069643D227369642D30364538424137302D353231432D344341372D393944342D4445453039374134383344442220736F757263655265663D227369642D43363930303332322D463346372D343633422D383036442D39393646453646324643393422207461726765745265663D227369642D35373038423230372D414530322D344635392D413241392D354630363146324131423930223E3C2F73657175656E6365466C6F773E0A202020203C73657175656E6365466C6F772069643D227369642D42443836393630392D323035462D343234442D423430372D4130373536383146313436442220736F757263655265663D227369642D35373038423230372D414530322D344635392D413241392D35463036314632413142393022207461726765745265663D227369642D36364235323141352D423032412D344546352D383536372D354231423235374636313032223E3C2F73657175656E6365466C6F773E0A20203C2F70726F636573733E0A20203C62706D6E64693A42504D4E4469616772616D2069643D2242504D4E4469616772616D5F436C7565526576696577223E0A202020203C62706D6E64693A42504D4E506C616E652062706D6E456C656D656E743D22436C7565526576696577222069643D2242504D4E506C616E655F436C7565526576696577223E0A2020202020203C62706D6E64693A42504D4E53686170652062706D6E456C656D656E743D2273746172744576656E7431222069643D2242504D4E53686170655F73746172744576656E7431223E0A20202020202020203C6F6D6764633A426F756E6473206865696768743D2233302E30222077696474683D2233302E302220783D2231352E302220793D223135322E30223E3C2F6F6D6764633A426F756E64733E0A2020202020203C2F62706D6E64693A42504D4E53686170653E0A2020202020203C62706D6E64693A42504D4E53686170652062706D6E456C656D656E743D227369642D43384531363039332D453545392D343334452D393138442D353133364542453134324432222069643D2242504D4E53686170655F7369642D43384531363039332D453545392D343334452D393138442D353133364542453134324432223E0A20202020202020203C6F6D6764633A426F756E6473206865696768743D2238302E30222077696474683D223130302E302220783D223130352E302220793D223132372E30223E3C2F6F6D6764633A426F756E64733E0A2020202020203C2F62706D6E64693A42504D4E53686170653E0A2020202020203C62706D6E64693A42504D4E53686170652062706D6E456C656D656E743D227369642D43433441363035312D353031312D344537362D393636422D313346354638413234433939222069643D2242504D4E53686170655F7369642D43433441363035312D353031312D344537362D393636422D313346354638413234433939223E0A20202020202020203C6F6D6764633A426F756E6473206865696768743D2238302E30222077696474683D223130302E302220783D223235352E302220793D223132372E30223E3C2F6F6D6764633A426F756E64733E0A2020202020203C2F62706D6E64693A42504D4E53686170653E0A2020202020203C62706D6E64693A42504D4E53686170652062706D6E456C656D656E743D227369642D43363930303332322D463346372D343633422D383036442D393936464536463246433934222069643D2242504D4E53686170655F7369642D43363930303332322D463346372D343633422D383036442D393936464536463246433934223E0A20202020202020203C6F6D6764633A426F756E6473206865696768743D2238302E30222077696474683D223130302E302220783D223430352E302220793D223132372E30223E3C2F6F6D6764633A426F756E64733E0A2020202020203C2F62706D6E64693A42504D4E53686170653E0A2020202020203C62706D6E64693A42504D4E53686170652062706D6E456C656D656E743D227369642D35373038423230372D414530322D344635392D413241392D354630363146324131423930222069643D2242504D4E53686170655F7369642D35373038423230372D414530322D344635392D413241392D354630363146324131423930223E0A20202020202020203C6F6D6764633A426F756E6473206865696768743D2238302E30222077696474683D223130302E302220783D223535352E302220793D223132382E30223E3C2F6F6D6764633A426F756E64733E0A2020202020203C2F62706D6E64693A42504D4E53686170653E0A2020202020203C62706D6E64693A42504D4E53686170652062706D6E456C656D656E743D227369642D36364235323141352D423032412D344546352D383536372D354231423235374636313032222069643D2242504D4E53686170655F7369642D36364235323141352D423032412D344546352D383536372D354231423235374636313032223E0A20202020202020203C6F6D6764633A426F756E6473206865696768743D2232382E30222077696474683D2232382E302220783D223732302E302220793D223135342E30223E3C2F6F6D6764633A426F756E64733E0A2020202020203C2F62706D6E64693A42504D4E53686170653E0A2020202020203C62706D6E64693A42504D4E456467652062706D6E456C656D656E743D227369642D30364538424137302D353231432D344341372D393944342D444545303937413438334444222069643D2242504D4E456467655F7369642D30364538424137302D353231432D344341372D393944342D444545303937413438334444223E0A20202020202020203C6F6D6764693A776179706F696E7420783D223530342E393439393939393939393937332220793D223136372E333333223E3C2F6F6D6764693A776179706F696E743E0A20202020202020203C6F6D6764693A776179706F696E7420783D223535352E302220793D223136372E3636363636363636363636363639223E3C2F6F6D6764693A776179706F696E743E0A2020202020203C2F62706D6E64693A42504D4E456467653E0A2020202020203C62706D6E64693A42504D4E456467652062706D6E456C656D656E743D227369642D44304343384641432D373845312D344345322D393236302D414534464431353242353446222069643D2242504D4E456467655F7369642D44304343384641432D373845312D344345322D393236302D414534464431353242353446223E0A20202020202020203C6F6D6764693A776179706F696E7420783D223230342E39352220793D223136372E30223E3C2F6F6D6764693A776179706F696E743E0A20202020202020203C6F6D6764693A776179706F696E7420783D223235352E302220793D223136372E30223E3C2F6F6D6764693A776179706F696E743E0A2020202020203C2F62706D6E64693A42504D4E456467653E0A2020202020203C62706D6E64693A42504D4E456467652062706D6E456C656D656E743D227369642D42443836393630392D323035462D343234442D423430372D413037353638314631343644222069643D2242504D4E456467655F7369642D42443836393630392D323035462D343234442D423430372D413037353638314631343644223E0A20202020202020203C6F6D6764693A776179706F696E7420783D223635342E393439393939393939393939392220793D223136382E30223E3C2F6F6D6764693A776179706F696E743E0A20202020202020203C6F6D6764693A776179706F696E7420783D223732302E302220793D223136382E30223E3C2F6F6D6764693A776179706F696E743E0A2020202020203C2F62706D6E64693A42504D4E456467653E0A2020202020203C62706D6E64693A42504D4E456467652062706D6E456C656D656E743D227369642D39454230343132412D393039302D344244322D383044382D313539394430333941463631222069643D2242504D4E456467655F7369642D39454230343132412D393039302D344244322D383044382D313539394430333941463631223E0A20202020202020203C6F6D6764693A776179706F696E7420783D223335342E39353030303030303030303030352220793D223136372E30223E3C2F6F6D6764693A776179706F696E743E0A20202020202020203C6F6D6764693A776179706F696E7420783D223430352E302220793D223136372E30223E3C2F6F6D6764693A776179706F696E743E0A2020202020203C2F62706D6E64693A42504D4E456467653E0A2020202020203C62706D6E64693A42504D4E456467652062706D6E456C656D656E743D227369642D43463743463944352D333233302D343546322D423446382D413530393135343439303930222069643D2242504D4E456467655F7369642D43463743463944352D333233302D343546322D423446382D413530393135343439303930223E0A20202020202020203C6F6D6764693A776179706F696E7420783D2234342E39343939393838333034393330362220793D223136372E30223E3C2F6F6D6764693A776179706F696E743E0A20202020202020203C6F6D6764693A776179706F696E7420783D223130352E302220793D223136372E30223E3C2F6F6D6764693A776179706F696E743E0A2020202020203C2F62706D6E64693A42504D4E456467653E0A202020203C2F62706D6E64693A42504D4E506C616E653E0A20203C2F62706D6E64693A42504D4E4469616772616D3E0A3C2F646566696E6974696F6E733E, 0);
INSERT INTO `act_ge_bytearray` VALUES ('2502', 1, 'ClueReview.bpmn20', '2501', 0x3C3F786D6C2076657273696F6E3D22312E302220656E636F64696E673D225554462D38223F3E0A3C646566696E6974696F6E7320786D6C6E733D22687474703A2F2F7777772E6F6D672E6F72672F737065632F42504D4E2F32303130303532342F4D4F44454C2220786D6C6E733A7873693D22687474703A2F2F7777772E77332E6F72672F323030312F584D4C536368656D612D696E7374616E63652220786D6C6E733A7873643D22687474703A2F2F7777772E77332E6F72672F323030312F584D4C536368656D612220786D6C6E733A666C6F7761626C653D22687474703A2F2F666C6F7761626C652E6F72672F62706D6E2220786D6C6E733A62706D6E64693D22687474703A2F2F7777772E6F6D672E6F72672F737065632F42504D4E2F32303130303532342F44492220786D6C6E733A6F6D6764633D22687474703A2F2F7777772E6F6D672E6F72672F737065632F44442F32303130303532342F44432220786D6C6E733A6F6D6764693D22687474703A2F2F7777772E6F6D672E6F72672F737065632F44442F32303130303532342F44492220747970654C616E67756167653D22687474703A2F2F7777772E77332E6F72672F323030312F584D4C536368656D61222065787072657373696F6E4C616E67756167653D22687474703A2F2F7777772E77332E6F72672F313939392F585061746822207461726765744E616D6573706163653D22687474703A2F2F7777772E666C6F7761626C652E6F72672F70726F63657373646566223E0A20203C70726F636573732069643D22436C756552657669657722206E616D653D22436C75655265766965772220697345786563757461626C653D2274727565223E0A202020203C73746172744576656E742069643D2273746172744576656E7431223E0A2020202020203C657874656E73696F6E456C656D656E74733E0A20202020202020203C666C6F7761626C653A666F726D50726F70657274792069643D22666F726D4B657922206E616D653D22E69687E4BBB6E6A087E9A2982220747970653D22737472696E6722207772697461626C653D2266616C7365223E3C2F666C6F7761626C653A666F726D50726F70657274793E0A2020202020203C2F657874656E73696F6E456C656D656E74733E0A202020203C2F73746172744576656E743E0A202020203C757365725461736B2069643D227369642D43384531363039332D453545392D343334452D393138442D35313336454245313432443222206E616D653D22E69CACE5A794E9A286E5AFBCE5AEA1E689B92220666C6F7761626C653A63616E64696461746547726F7570733D224C6574746572436C75655265766965773A62776C64223E0A2020202020203C657874656E73696F6E456C656D656E74733E0A20202020202020203C666C6F7761626C653A666F726D50726F70657274792069643D2262776C645F636F6E74656E7422206E616D653D22E69CACE5A794E9A286E5AFBCE689B9E7A4BA2220747970653D22737472696E67222072657175697265643D2274727565223E3C2F666C6F7761626C653A666F726D50726F70657274793E0A2020202020203C2F657874656E73696F6E456C656D656E74733E0A202020203C2F757365725461736B3E0A202020203C757365725461736B2069643D227369642D43433441363035312D353031312D344537362D393636422D31334635463841323443393922206E616D653D22E58886E7AEA1E589AFE4B9A6E8AEB0E6848FE8A7812220666C6F7761626C653A63616E64696461746547726F7570733D224C6574746572436C75655265766965773A666766736A223E0A2020202020203C657874656E73696F6E456C656D656E74733E0A20202020202020203C666C6F7761626C653A666F726D50726F70657274792069643D22666766736A5F636F6E74656E7422206E616D653D22E58886E7AEA1E589AFE4B9A6E8AEB0E6848FE8A7812220747970653D22737472696E67222072657175697265643D2274727565223E3C2F666C6F7761626C653A666F726D50726F70657274793E0A2020202020203C2F657874656E73696F6E456C656D656E74733E0A202020203C2F757365725461736B3E0A202020203C757365725461736B2069643D227369642D43363930303332322D463346372D343633422D383036442D39393646453646324643393422206E616D653D22E4B8BBE7AEA1E5B8B8E5A794E6848FE8A7812220666C6F7761626C653A63616E64696461746547726F7570733D224C6574746572436C75655265766965773A7A676377223E0A2020202020203C657874656E73696F6E456C656D656E74733E0A20202020202020203C666C6F7761626C653A666F726D50726F70657274792069643D227A6763775F636F6E74656E7422206E616D653D22E4B8BBE7AEA1E5B8B8E5A794E6848FE8A7812220747970653D22737472696E67222072657175697265643D2274727565223E3C2F666C6F7761626C653A666F726D50726F70657274793E0A2020202020203C2F657874656E73696F6E456C656D656E74733E0A202020203C2F757365725461736B3E0A202020203C757365725461736B2069643D227369642D35373038423230372D414530322D344635392D413241392D35463036314632413142393022206E616D653D22E5AEA1E69FA5E5AEA4E6848FE8A7812220666C6F7761626C653A63616E64696461746547726F7570733D224C6574746572436C75655265766965773A736373223E0A2020202020203C657874656E73696F6E456C656D656E74733E0A20202020202020203C666C6F7761626C653A666F726D50726F70657274792069643D227363735F636F6E74656E7422206E616D653D22E5AEA1E69FA5E5AEA4E6848FE8A7812220747970653D22737472696E67222072657175697265643D2274727565223E3C2F666C6F7761626C653A666F726D50726F70657274793E0A2020202020203C2F657874656E73696F6E456C656D656E74733E0A202020203C2F757365725461736B3E0A202020203C656E644576656E742069643D227369642D36364235323141352D423032412D344546352D383536372D354231423235374636313032223E3C2F656E644576656E743E0A202020203C73657175656E6365466C6F772069643D227369642D43463743463944352D333233302D343546322D423446382D4135303931353434393039302220736F757263655265663D2273746172744576656E743122207461726765745265663D227369642D43384531363039332D453545392D343334452D393138442D353133364542453134324432223E3C2F73657175656E6365466C6F773E0A202020203C73657175656E6365466C6F772069643D227369642D44304343384641432D373845312D344345322D393236302D4145344644313532423534462220736F757263655265663D227369642D43384531363039332D453545392D343334452D393138442D35313336454245313432443222207461726765745265663D227369642D43433441363035312D353031312D344537362D393636422D313346354638413234433939223E3C2F73657175656E6365466C6F773E0A202020203C73657175656E6365466C6F772069643D227369642D39454230343132412D393039302D344244322D383044382D3135393944303339414636312220736F757263655265663D227369642D43433441363035312D353031312D344537362D393636422D31334635463841323443393922207461726765745265663D227369642D43363930303332322D463346372D343633422D383036442D393936464536463246433934223E3C2F73657175656E6365466C6F773E0A202020203C73657175656E6365466C6F772069643D227369642D30364538424137302D353231432D344341372D393944342D4445453039374134383344442220736F757263655265663D227369642D43363930303332322D463346372D343633422D383036442D39393646453646324643393422207461726765745265663D227369642D35373038423230372D414530322D344635392D413241392D354630363146324131423930223E3C2F73657175656E6365466C6F773E0A202020203C73657175656E6365466C6F772069643D227369642D42443836393630392D323035462D343234442D423430372D4130373536383146313436442220736F757263655265663D227369642D35373038423230372D414530322D344635392D413241392D35463036314632413142393022207461726765745265663D227369642D36364235323141352D423032412D344546352D383536372D354231423235374636313032223E3C2F73657175656E6365466C6F773E0A20203C2F70726F636573733E0A20203C62706D6E64693A42504D4E4469616772616D2069643D2242504D4E4469616772616D5F436C7565526576696577223E0A202020203C62706D6E64693A42504D4E506C616E652062706D6E456C656D656E743D22436C7565526576696577222069643D2242504D4E506C616E655F436C7565526576696577223E0A2020202020203C62706D6E64693A42504D4E53686170652062706D6E456C656D656E743D2273746172744576656E7431222069643D2242504D4E53686170655F73746172744576656E7431223E0A20202020202020203C6F6D6764633A426F756E6473206865696768743D2233302E30222077696474683D2233302E302220783D2231352E302220793D223135322E30223E3C2F6F6D6764633A426F756E64733E0A2020202020203C2F62706D6E64693A42504D4E53686170653E0A2020202020203C62706D6E64693A42504D4E53686170652062706D6E456C656D656E743D227369642D43384531363039332D453545392D343334452D393138442D353133364542453134324432222069643D2242504D4E53686170655F7369642D43384531363039332D453545392D343334452D393138442D353133364542453134324432223E0A20202020202020203C6F6D6764633A426F756E6473206865696768743D2238302E30222077696474683D223130302E302220783D223130352E302220793D223132372E30223E3C2F6F6D6764633A426F756E64733E0A2020202020203C2F62706D6E64693A42504D4E53686170653E0A2020202020203C62706D6E64693A42504D4E53686170652062706D6E456C656D656E743D227369642D43433441363035312D353031312D344537362D393636422D313346354638413234433939222069643D2242504D4E53686170655F7369642D43433441363035312D353031312D344537362D393636422D313346354638413234433939223E0A20202020202020203C6F6D6764633A426F756E6473206865696768743D2238302E30222077696474683D223130302E302220783D223235352E302220793D223132372E30223E3C2F6F6D6764633A426F756E64733E0A2020202020203C2F62706D6E64693A42504D4E53686170653E0A2020202020203C62706D6E64693A42504D4E53686170652062706D6E456C656D656E743D227369642D43363930303332322D463346372D343633422D383036442D393936464536463246433934222069643D2242504D4E53686170655F7369642D43363930303332322D463346372D343633422D383036442D393936464536463246433934223E0A20202020202020203C6F6D6764633A426F756E6473206865696768743D2238302E30222077696474683D223130302E302220783D223430352E302220793D223132372E30223E3C2F6F6D6764633A426F756E64733E0A2020202020203C2F62706D6E64693A42504D4E53686170653E0A2020202020203C62706D6E64693A42504D4E53686170652062706D6E456C656D656E743D227369642D35373038423230372D414530322D344635392D413241392D354630363146324131423930222069643D2242504D4E53686170655F7369642D35373038423230372D414530322D344635392D413241392D354630363146324131423930223E0A20202020202020203C6F6D6764633A426F756E6473206865696768743D2238302E30222077696474683D223130302E302220783D223535352E302220793D223132382E30223E3C2F6F6D6764633A426F756E64733E0A2020202020203C2F62706D6E64693A42504D4E53686170653E0A2020202020203C62706D6E64693A42504D4E53686170652062706D6E456C656D656E743D227369642D36364235323141352D423032412D344546352D383536372D354231423235374636313032222069643D2242504D4E53686170655F7369642D36364235323141352D423032412D344546352D383536372D354231423235374636313032223E0A20202020202020203C6F6D6764633A426F756E6473206865696768743D2232382E30222077696474683D2232382E302220783D223732302E302220793D223135342E30223E3C2F6F6D6764633A426F756E64733E0A2020202020203C2F62706D6E64693A42504D4E53686170653E0A2020202020203C62706D6E64693A42504D4E456467652062706D6E456C656D656E743D227369642D30364538424137302D353231432D344341372D393944342D444545303937413438334444222069643D2242504D4E456467655F7369642D30364538424137302D353231432D344341372D393944342D444545303937413438334444223E0A20202020202020203C6F6D6764693A776179706F696E7420783D223530342E393439393939393939393937332220793D223136372E333333223E3C2F6F6D6764693A776179706F696E743E0A20202020202020203C6F6D6764693A776179706F696E7420783D223535352E302220793D223136372E3636363636363636363636363639223E3C2F6F6D6764693A776179706F696E743E0A2020202020203C2F62706D6E64693A42504D4E456467653E0A2020202020203C62706D6E64693A42504D4E456467652062706D6E456C656D656E743D227369642D44304343384641432D373845312D344345322D393236302D414534464431353242353446222069643D2242504D4E456467655F7369642D44304343384641432D373845312D344345322D393236302D414534464431353242353446223E0A20202020202020203C6F6D6764693A776179706F696E7420783D223230342E39352220793D223136372E30223E3C2F6F6D6764693A776179706F696E743E0A20202020202020203C6F6D6764693A776179706F696E7420783D223235352E302220793D223136372E30223E3C2F6F6D6764693A776179706F696E743E0A2020202020203C2F62706D6E64693A42504D4E456467653E0A2020202020203C62706D6E64693A42504D4E456467652062706D6E456C656D656E743D227369642D42443836393630392D323035462D343234442D423430372D413037353638314631343644222069643D2242504D4E456467655F7369642D42443836393630392D323035462D343234442D423430372D413037353638314631343644223E0A20202020202020203C6F6D6764693A776179706F696E7420783D223635342E393439393939393939393939392220793D223136382E30223E3C2F6F6D6764693A776179706F696E743E0A20202020202020203C6F6D6764693A776179706F696E7420783D223732302E302220793D223136382E30223E3C2F6F6D6764693A776179706F696E743E0A2020202020203C2F62706D6E64693A42504D4E456467653E0A2020202020203C62706D6E64693A42504D4E456467652062706D6E456C656D656E743D227369642D39454230343132412D393039302D344244322D383044382D313539394430333941463631222069643D2242504D4E456467655F7369642D39454230343132412D393039302D344244322D383044382D313539394430333941463631223E0A20202020202020203C6F6D6764693A776179706F696E7420783D223335342E39353030303030303030303030352220793D223136372E30223E3C2F6F6D6764693A776179706F696E743E0A20202020202020203C6F6D6764693A776179706F696E7420783D223430352E302220793D223136372E30223E3C2F6F6D6764693A776179706F696E743E0A2020202020203C2F62706D6E64693A42504D4E456467653E0A2020202020203C62706D6E64693A42504D4E456467652062706D6E456C656D656E743D227369642D43463743463944352D333233302D343546322D423446382D413530393135343439303930222069643D2242504D4E456467655F7369642D43463743463944352D333233302D343546322D423446382D413530393135343439303930223E0A20202020202020203C6F6D6764693A776179706F696E7420783D2234342E39343939393838333034393330362220793D223136372E30223E3C2F6F6D6764693A776179706F696E743E0A20202020202020203C6F6D6764693A776179706F696E7420783D223130352E302220793D223136372E30223E3C2F6F6D6764693A776179706F696E743E0A2020202020203C2F62706D6E64693A42504D4E456467653E0A202020203C2F62706D6E64693A42504D4E506C616E653E0A20203C2F62706D6E64693A42504D4E4469616772616D3E0A3C2F646566696E6974696F6E733E, 0);
INSERT INTO `act_ge_bytearray` VALUES ('5002', 1, 'ClueReview.bpmn20', '5001', 0x3C3F786D6C2076657273696F6E3D22312E302220656E636F64696E673D225554462D38223F3E0A3C646566696E6974696F6E7320786D6C6E733D22687474703A2F2F7777772E6F6D672E6F72672F737065632F42504D4E2F32303130303532342F4D4F44454C2220786D6C6E733A7873693D22687474703A2F2F7777772E77332E6F72672F323030312F584D4C536368656D612D696E7374616E63652220786D6C6E733A7873643D22687474703A2F2F7777772E77332E6F72672F323030312F584D4C536368656D612220786D6C6E733A666C6F7761626C653D22687474703A2F2F666C6F7761626C652E6F72672F62706D6E2220786D6C6E733A62706D6E64693D22687474703A2F2F7777772E6F6D672E6F72672F737065632F42504D4E2F32303130303532342F44492220786D6C6E733A6F6D6764633D22687474703A2F2F7777772E6F6D672E6F72672F737065632F44442F32303130303532342F44432220786D6C6E733A6F6D6764693D22687474703A2F2F7777772E6F6D672E6F72672F737065632F44442F32303130303532342F44492220747970654C616E67756167653D22687474703A2F2F7777772E77332E6F72672F323030312F584D4C536368656D61222065787072657373696F6E4C616E67756167653D22687474703A2F2F7777772E77332E6F72672F313939392F585061746822207461726765744E616D6573706163653D22687474703A2F2F7777772E666C6F7761626C652E6F72672F70726F63657373646566223E0A20203C70726F636573732069643D22436C756552657669657722206E616D653D22436C75655265766965772220697345786563757461626C653D2274727565223E0A202020203C73746172744576656E742069643D2273746172744576656E7431223E0A2020202020203C657874656E73696F6E456C656D656E74733E0A20202020202020203C666C6F7761626C653A666F726D50726F70657274792069643D22666F726D4B657922206E616D653D22E69687E4BBB6E6A087E9A2982220747970653D22737472696E6722207772697461626C653D2266616C7365223E3C2F666C6F7761626C653A666F726D50726F70657274793E0A2020202020203C2F657874656E73696F6E456C656D656E74733E0A202020203C2F73746172744576656E743E0A202020203C757365725461736B2069643D227369642D43384531363039332D453545392D343334452D393138442D35313336454245313432443222206E616D653D22E69CACE5A794E9A286E5AFBCE5AEA1E689B92220666C6F7761626C653A63616E64696461746547726F7570733D224C6574746572436C75655265766965773A62776C64223E0A2020202020203C657874656E73696F6E456C656D656E74733E0A20202020202020203C666C6F7761626C653A666F726D50726F70657274792069643D2262776C645F636F6E74656E7422206E616D653D22E69CACE5A794E9A286E5AFBCE689B9E7A4BA2220747970653D22737472696E67222072657175697265643D2274727565223E3C2F666C6F7761626C653A666F726D50726F70657274793E0A2020202020203C2F657874656E73696F6E456C656D656E74733E0A202020203C2F757365725461736B3E0A202020203C757365725461736B2069643D227369642D43433441363035312D353031312D344537362D393636422D31334635463841323443393922206E616D653D22E58886E7AEA1E589AFE4B9A6E8AEB0E6848FE8A7812220666C6F7761626C653A63616E64696461746547726F7570733D224C6574746572436C75655265766965773A666766736A223E0A2020202020203C657874656E73696F6E456C656D656E74733E0A20202020202020203C666C6F7761626C653A666F726D50726F70657274792069643D22666766736A5F636F6E74656E7422206E616D653D22E58886E7AEA1E589AFE4B9A6E8AEB0E6848FE8A7812220747970653D22737472696E67222072657175697265643D2274727565223E3C2F666C6F7761626C653A666F726D50726F70657274793E0A2020202020203C2F657874656E73696F6E456C656D656E74733E0A202020203C2F757365725461736B3E0A202020203C757365725461736B2069643D227369642D43363930303332322D463346372D343633422D383036442D39393646453646324643393422206E616D653D22E4B8BBE7AEA1E5B8B8E5A794E6848FE8A7812220666C6F7761626C653A63616E64696461746547726F7570733D224C6574746572436C75655265766965773A7A676377223E0A2020202020203C657874656E73696F6E456C656D656E74733E0A20202020202020203C666C6F7761626C653A666F726D50726F70657274792069643D227A6763775F636F6E74656E7422206E616D653D22E4B8BBE7AEA1E5B8B8E5A794E6848FE8A7812220747970653D22737472696E67222072657175697265643D2274727565223E3C2F666C6F7761626C653A666F726D50726F70657274793E0A2020202020203C2F657874656E73696F6E456C656D656E74733E0A202020203C2F757365725461736B3E0A202020203C757365725461736B2069643D227369642D35373038423230372D414530322D344635392D413241392D35463036314632413142393022206E616D653D22E5AEA1E69FA5E5AEA4E6848FE8A7812220666C6F7761626C653A63616E64696461746547726F7570733D224C6574746572436C75655265766965773A736373223E0A2020202020203C657874656E73696F6E456C656D656E74733E0A20202020202020203C666C6F7761626C653A666F726D50726F70657274792069643D227363735F636F6E74656E7422206E616D653D22E5AEA1E69FA5E5AEA4E6848FE8A7812220747970653D22737472696E67222072657175697265643D2274727565223E3C2F666C6F7761626C653A666F726D50726F70657274793E0A2020202020203C2F657874656E73696F6E456C656D656E74733E0A202020203C2F757365725461736B3E0A202020203C656E644576656E742069643D227369642D36364235323141352D423032412D344546352D383536372D354231423235374636313032223E3C2F656E644576656E743E0A202020203C73657175656E6365466C6F772069643D227369642D43463743463944352D333233302D343546322D423446382D4135303931353434393039302220736F757263655265663D2273746172744576656E743122207461726765745265663D227369642D43384531363039332D453545392D343334452D393138442D353133364542453134324432223E3C2F73657175656E6365466C6F773E0A202020203C73657175656E6365466C6F772069643D227369642D44304343384641432D373845312D344345322D393236302D4145344644313532423534462220736F757263655265663D227369642D43384531363039332D453545392D343334452D393138442D35313336454245313432443222207461726765745265663D227369642D43433441363035312D353031312D344537362D393636422D313346354638413234433939223E3C2F73657175656E6365466C6F773E0A202020203C73657175656E6365466C6F772069643D227369642D39454230343132412D393039302D344244322D383044382D3135393944303339414636312220736F757263655265663D227369642D43433441363035312D353031312D344537362D393636422D31334635463841323443393922207461726765745265663D227369642D43363930303332322D463346372D343633422D383036442D393936464536463246433934223E3C2F73657175656E6365466C6F773E0A202020203C73657175656E6365466C6F772069643D227369642D30364538424137302D353231432D344341372D393944342D4445453039374134383344442220736F757263655265663D227369642D43363930303332322D463346372D343633422D383036442D39393646453646324643393422207461726765745265663D227369642D35373038423230372D414530322D344635392D413241392D354630363146324131423930223E3C2F73657175656E6365466C6F773E0A202020203C73657175656E6365466C6F772069643D227369642D42443836393630392D323035462D343234442D423430372D4130373536383146313436442220736F757263655265663D227369642D35373038423230372D414530322D344635392D413241392D35463036314632413142393022207461726765745265663D227369642D36364235323141352D423032412D344546352D383536372D354231423235374636313032223E3C2F73657175656E6365466C6F773E0A20203C2F70726F636573733E0A20203C62706D6E64693A42504D4E4469616772616D2069643D2242504D4E4469616772616D5F436C7565526576696577223E0A202020203C62706D6E64693A42504D4E506C616E652062706D6E456C656D656E743D22436C7565526576696577222069643D2242504D4E506C616E655F436C7565526576696577223E0A2020202020203C62706D6E64693A42504D4E53686170652062706D6E456C656D656E743D2273746172744576656E7431222069643D2242504D4E53686170655F73746172744576656E7431223E0A20202020202020203C6F6D6764633A426F756E6473206865696768743D2233302E30222077696474683D2233302E302220783D2231352E302220793D223135322E30223E3C2F6F6D6764633A426F756E64733E0A2020202020203C2F62706D6E64693A42504D4E53686170653E0A2020202020203C62706D6E64693A42504D4E53686170652062706D6E456C656D656E743D227369642D43384531363039332D453545392D343334452D393138442D353133364542453134324432222069643D2242504D4E53686170655F7369642D43384531363039332D453545392D343334452D393138442D353133364542453134324432223E0A20202020202020203C6F6D6764633A426F756E6473206865696768743D2238302E30222077696474683D223130302E302220783D223130352E302220793D223132372E30223E3C2F6F6D6764633A426F756E64733E0A2020202020203C2F62706D6E64693A42504D4E53686170653E0A2020202020203C62706D6E64693A42504D4E53686170652062706D6E456C656D656E743D227369642D43433441363035312D353031312D344537362D393636422D313346354638413234433939222069643D2242504D4E53686170655F7369642D43433441363035312D353031312D344537362D393636422D313346354638413234433939223E0A20202020202020203C6F6D6764633A426F756E6473206865696768743D2238302E30222077696474683D223130302E302220783D223235352E302220793D223132372E30223E3C2F6F6D6764633A426F756E64733E0A2020202020203C2F62706D6E64693A42504D4E53686170653E0A2020202020203C62706D6E64693A42504D4E53686170652062706D6E456C656D656E743D227369642D43363930303332322D463346372D343633422D383036442D393936464536463246433934222069643D2242504D4E53686170655F7369642D43363930303332322D463346372D343633422D383036442D393936464536463246433934223E0A20202020202020203C6F6D6764633A426F756E6473206865696768743D2238302E30222077696474683D223130302E302220783D223430352E302220793D223132372E30223E3C2F6F6D6764633A426F756E64733E0A2020202020203C2F62706D6E64693A42504D4E53686170653E0A2020202020203C62706D6E64693A42504D4E53686170652062706D6E456C656D656E743D227369642D35373038423230372D414530322D344635392D413241392D354630363146324131423930222069643D2242504D4E53686170655F7369642D35373038423230372D414530322D344635392D413241392D354630363146324131423930223E0A20202020202020203C6F6D6764633A426F756E6473206865696768743D2238302E30222077696474683D223130302E302220783D223535352E302220793D223132382E30223E3C2F6F6D6764633A426F756E64733E0A2020202020203C2F62706D6E64693A42504D4E53686170653E0A2020202020203C62706D6E64693A42504D4E53686170652062706D6E456C656D656E743D227369642D36364235323141352D423032412D344546352D383536372D354231423235374636313032222069643D2242504D4E53686170655F7369642D36364235323141352D423032412D344546352D383536372D354231423235374636313032223E0A20202020202020203C6F6D6764633A426F756E6473206865696768743D2232382E30222077696474683D2232382E302220783D223732302E302220793D223135342E30223E3C2F6F6D6764633A426F756E64733E0A2020202020203C2F62706D6E64693A42504D4E53686170653E0A2020202020203C62706D6E64693A42504D4E456467652062706D6E456C656D656E743D227369642D30364538424137302D353231432D344341372D393944342D444545303937413438334444222069643D2242504D4E456467655F7369642D30364538424137302D353231432D344341372D393944342D444545303937413438334444223E0A20202020202020203C6F6D6764693A776179706F696E7420783D223530342E393439393939393939393937332220793D223136372E333333223E3C2F6F6D6764693A776179706F696E743E0A20202020202020203C6F6D6764693A776179706F696E7420783D223535352E302220793D223136372E3636363636363636363636363639223E3C2F6F6D6764693A776179706F696E743E0A2020202020203C2F62706D6E64693A42504D4E456467653E0A2020202020203C62706D6E64693A42504D4E456467652062706D6E456C656D656E743D227369642D44304343384641432D373845312D344345322D393236302D414534464431353242353446222069643D2242504D4E456467655F7369642D44304343384641432D373845312D344345322D393236302D414534464431353242353446223E0A20202020202020203C6F6D6764693A776179706F696E7420783D223230342E39352220793D223136372E30223E3C2F6F6D6764693A776179706F696E743E0A20202020202020203C6F6D6764693A776179706F696E7420783D223235352E302220793D223136372E30223E3C2F6F6D6764693A776179706F696E743E0A2020202020203C2F62706D6E64693A42504D4E456467653E0A2020202020203C62706D6E64693A42504D4E456467652062706D6E456C656D656E743D227369642D42443836393630392D323035462D343234442D423430372D413037353638314631343644222069643D2242504D4E456467655F7369642D42443836393630392D323035462D343234442D423430372D413037353638314631343644223E0A20202020202020203C6F6D6764693A776179706F696E7420783D223635342E393439393939393939393939392220793D223136382E30223E3C2F6F6D6764693A776179706F696E743E0A20202020202020203C6F6D6764693A776179706F696E7420783D223732302E302220793D223136382E30223E3C2F6F6D6764693A776179706F696E743E0A2020202020203C2F62706D6E64693A42504D4E456467653E0A2020202020203C62706D6E64693A42504D4E456467652062706D6E456C656D656E743D227369642D39454230343132412D393039302D344244322D383044382D313539394430333941463631222069643D2242504D4E456467655F7369642D39454230343132412D393039302D344244322D383044382D313539394430333941463631223E0A20202020202020203C6F6D6764693A776179706F696E7420783D223335342E39353030303030303030303030352220793D223136372E30223E3C2F6F6D6764693A776179706F696E743E0A20202020202020203C6F6D6764693A776179706F696E7420783D223430352E302220793D223136372E30223E3C2F6F6D6764693A776179706F696E743E0A2020202020203C2F62706D6E64693A42504D4E456467653E0A2020202020203C62706D6E64693A42504D4E456467652062706D6E456C656D656E743D227369642D43463743463944352D333233302D343546322D423446382D413530393135343439303930222069643D2242504D4E456467655F7369642D43463743463944352D333233302D343546322D423446382D413530393135343439303930223E0A20202020202020203C6F6D6764693A776179706F696E7420783D2234342E39343939393838333034393330362220793D223136372E30223E3C2F6F6D6764693A776179706F696E743E0A20202020202020203C6F6D6764693A776179706F696E7420783D223130352E302220793D223136372E30223E3C2F6F6D6764693A776179706F696E743E0A2020202020203C2F62706D6E64693A42504D4E456467653E0A202020203C2F62706D6E64693A42504D4E506C616E653E0A20203C2F62706D6E64693A42504D4E4469616772616D3E0A3C2F646566696E6974696F6E733E, 0);
INSERT INTO `act_ge_bytearray` VALUES ('5004', 1, 'ClueReview.bpmn20.xml', '5003', 0x3C3F786D6C2076657273696F6E3D22312E302220656E636F64696E673D225554462D38223F3E0A3C646566696E6974696F6E7320786D6C6E733D22687474703A2F2F7777772E6F6D672E6F72672F737065632F42504D4E2F32303130303532342F4D4F44454C2220786D6C6E733A7873693D22687474703A2F2F7777772E77332E6F72672F323030312F584D4C536368656D612D696E7374616E63652220786D6C6E733A7873643D22687474703A2F2F7777772E77332E6F72672F323030312F584D4C536368656D612220786D6C6E733A666C6F7761626C653D22687474703A2F2F666C6F7761626C652E6F72672F62706D6E2220786D6C6E733A62706D6E64693D22687474703A2F2F7777772E6F6D672E6F72672F737065632F42504D4E2F32303130303532342F44492220786D6C6E733A6F6D6764633D22687474703A2F2F7777772E6F6D672E6F72672F737065632F44442F32303130303532342F44432220786D6C6E733A6F6D6764693D22687474703A2F2F7777772E6F6D672E6F72672F737065632F44442F32303130303532342F44492220747970654C616E67756167653D22687474703A2F2F7777772E77332E6F72672F323030312F584D4C536368656D61222065787072657373696F6E4C616E67756167653D22687474703A2F2F7777772E77332E6F72672F313939392F585061746822207461726765744E616D6573706163653D22687474703A2F2F7777772E666C6F7761626C652E6F72672F70726F63657373646566223E0A20203C70726F636573732069643D22436C756552657669657722206E616D653D22436C75655265766965772220697345786563757461626C653D2274727565223E0A202020203C73746172744576656E742069643D2273746172744576656E7431223E0A2020202020203C657874656E73696F6E456C656D656E74733E0A20202020202020203C666C6F7761626C653A666F726D50726F70657274792069643D22666F726D4B657922206E616D653D22E69687E4BBB6E6A087E9A2982220747970653D22737472696E6722207772697461626C653D2266616C7365223E3C2F666C6F7761626C653A666F726D50726F70657274793E0A2020202020203C2F657874656E73696F6E456C656D656E74733E0A202020203C2F73746172744576656E743E0A202020203C757365725461736B2069643D227369642D43384531363039332D453545392D343334452D393138442D35313336454245313432443222206E616D653D22E69CACE5A794E9A286E5AFBCE5AEA1E689B92220666C6F7761626C653A63616E64696461746547726F7570733D224C6574746572436C75655265766965773A62776C64223E0A2020202020203C657874656E73696F6E456C656D656E74733E0A20202020202020203C666C6F7761626C653A666F726D50726F70657274792069643D2262776C645F636F6E74656E7422206E616D653D22E69CACE5A794E9A286E5AFBCE689B9E7A4BA2220747970653D22737472696E67222072657175697265643D2274727565223E3C2F666C6F7761626C653A666F726D50726F70657274793E0A2020202020203C2F657874656E73696F6E456C656D656E74733E0A202020203C2F757365725461736B3E0A202020203C757365725461736B2069643D227369642D43433441363035312D353031312D344537362D393636422D31334635463841323443393922206E616D653D22E58886E7AEA1E589AFE4B9A6E8AEB0E6848FE8A7812220666C6F7761626C653A63616E64696461746547726F7570733D224C6574746572436C75655265766965773A666766736A223E0A2020202020203C657874656E73696F6E456C656D656E74733E0A20202020202020203C666C6F7761626C653A666F726D50726F70657274792069643D22666766736A5F636F6E74656E7422206E616D653D22E58886E7AEA1E589AFE4B9A6E8AEB0E6848FE8A7812220747970653D22737472696E67222072657175697265643D2274727565223E3C2F666C6F7761626C653A666F726D50726F70657274793E0A2020202020203C2F657874656E73696F6E456C656D656E74733E0A202020203C2F757365725461736B3E0A202020203C757365725461736B2069643D227369642D43363930303332322D463346372D343633422D383036442D39393646453646324643393422206E616D653D22E4B8BBE7AEA1E5B8B8E5A794E6848FE8A7812220666C6F7761626C653A63616E64696461746547726F7570733D224C6574746572436C75655265766965773A7A676377223E0A2020202020203C657874656E73696F6E456C656D656E74733E0A20202020202020203C666C6F7761626C653A666F726D50726F70657274792069643D227A6763775F636F6E74656E7422206E616D653D22E4B8BBE7AEA1E5B8B8E5A794E6848FE8A7812220747970653D22737472696E67222072657175697265643D2274727565223E3C2F666C6F7761626C653A666F726D50726F70657274793E0A2020202020203C2F657874656E73696F6E456C656D656E74733E0A202020203C2F757365725461736B3E0A202020203C757365725461736B2069643D227369642D35373038423230372D414530322D344635392D413241392D35463036314632413142393022206E616D653D22E5AEA1E69FA5E5AEA4E6848FE8A7812220666C6F7761626C653A63616E64696461746547726F7570733D224C6574746572436C75655265766965773A736373223E0A2020202020203C657874656E73696F6E456C656D656E74733E0A20202020202020203C666C6F7761626C653A666F726D50726F70657274792069643D227363735F636F6E74656E7422206E616D653D22E5AEA1E69FA5E5AEA4E6848FE8A7812220747970653D22737472696E67222072657175697265643D2274727565223E3C2F666C6F7761626C653A666F726D50726F70657274793E0A2020202020203C2F657874656E73696F6E456C656D656E74733E0A202020203C2F757365725461736B3E0A202020203C656E644576656E742069643D227369642D36364235323141352D423032412D344546352D383536372D354231423235374636313032223E3C2F656E644576656E743E0A202020203C73657175656E6365466C6F772069643D227369642D43463743463944352D333233302D343546322D423446382D4135303931353434393039302220736F757263655265663D2273746172744576656E743122207461726765745265663D227369642D43384531363039332D453545392D343334452D393138442D353133364542453134324432223E3C2F73657175656E6365466C6F773E0A202020203C73657175656E6365466C6F772069643D227369642D44304343384641432D373845312D344345322D393236302D4145344644313532423534462220736F757263655265663D227369642D43384531363039332D453545392D343334452D393138442D35313336454245313432443222207461726765745265663D227369642D43433441363035312D353031312D344537362D393636422D313346354638413234433939223E3C2F73657175656E6365466C6F773E0A202020203C73657175656E6365466C6F772069643D227369642D39454230343132412D393039302D344244322D383044382D3135393944303339414636312220736F757263655265663D227369642D43433441363035312D353031312D344537362D393636422D31334635463841323443393922207461726765745265663D227369642D43363930303332322D463346372D343633422D383036442D393936464536463246433934223E3C2F73657175656E6365466C6F773E0A202020203C73657175656E6365466C6F772069643D227369642D30364538424137302D353231432D344341372D393944342D4445453039374134383344442220736F757263655265663D227369642D43363930303332322D463346372D343633422D383036442D39393646453646324643393422207461726765745265663D227369642D35373038423230372D414530322D344635392D413241392D354630363146324131423930223E3C2F73657175656E6365466C6F773E0A202020203C73657175656E6365466C6F772069643D227369642D42443836393630392D323035462D343234442D423430372D4130373536383146313436442220736F757263655265663D227369642D35373038423230372D414530322D344635392D413241392D35463036314632413142393022207461726765745265663D227369642D36364235323141352D423032412D344546352D383536372D354231423235374636313032223E3C2F73657175656E6365466C6F773E0A20203C2F70726F636573733E0A20203C62706D6E64693A42504D4E4469616772616D2069643D2242504D4E4469616772616D5F436C7565526576696577223E0A202020203C62706D6E64693A42504D4E506C616E652062706D6E456C656D656E743D22436C7565526576696577222069643D2242504D4E506C616E655F436C7565526576696577223E0A2020202020203C62706D6E64693A42504D4E53686170652062706D6E456C656D656E743D2273746172744576656E7431222069643D2242504D4E53686170655F73746172744576656E7431223E0A20202020202020203C6F6D6764633A426F756E6473206865696768743D2233302E30222077696474683D2233302E302220783D2231352E302220793D223135322E30223E3C2F6F6D6764633A426F756E64733E0A2020202020203C2F62706D6E64693A42504D4E53686170653E0A2020202020203C62706D6E64693A42504D4E53686170652062706D6E456C656D656E743D227369642D43384531363039332D453545392D343334452D393138442D353133364542453134324432222069643D2242504D4E53686170655F7369642D43384531363039332D453545392D343334452D393138442D353133364542453134324432223E0A20202020202020203C6F6D6764633A426F756E6473206865696768743D2238302E30222077696474683D223130302E302220783D223130352E302220793D223132372E30223E3C2F6F6D6764633A426F756E64733E0A2020202020203C2F62706D6E64693A42504D4E53686170653E0A2020202020203C62706D6E64693A42504D4E53686170652062706D6E456C656D656E743D227369642D43433441363035312D353031312D344537362D393636422D313346354638413234433939222069643D2242504D4E53686170655F7369642D43433441363035312D353031312D344537362D393636422D313346354638413234433939223E0A20202020202020203C6F6D6764633A426F756E6473206865696768743D2238302E30222077696474683D223130302E302220783D223235352E302220793D223132372E30223E3C2F6F6D6764633A426F756E64733E0A2020202020203C2F62706D6E64693A42504D4E53686170653E0A2020202020203C62706D6E64693A42504D4E53686170652062706D6E456C656D656E743D227369642D43363930303332322D463346372D343633422D383036442D393936464536463246433934222069643D2242504D4E53686170655F7369642D43363930303332322D463346372D343633422D383036442D393936464536463246433934223E0A20202020202020203C6F6D6764633A426F756E6473206865696768743D2238302E30222077696474683D223130302E302220783D223430352E302220793D223132372E30223E3C2F6F6D6764633A426F756E64733E0A2020202020203C2F62706D6E64693A42504D4E53686170653E0A2020202020203C62706D6E64693A42504D4E53686170652062706D6E456C656D656E743D227369642D35373038423230372D414530322D344635392D413241392D354630363146324131423930222069643D2242504D4E53686170655F7369642D35373038423230372D414530322D344635392D413241392D354630363146324131423930223E0A20202020202020203C6F6D6764633A426F756E6473206865696768743D2238302E30222077696474683D223130302E302220783D223535352E302220793D223132382E30223E3C2F6F6D6764633A426F756E64733E0A2020202020203C2F62706D6E64693A42504D4E53686170653E0A2020202020203C62706D6E64693A42504D4E53686170652062706D6E456C656D656E743D227369642D36364235323141352D423032412D344546352D383536372D354231423235374636313032222069643D2242504D4E53686170655F7369642D36364235323141352D423032412D344546352D383536372D354231423235374636313032223E0A20202020202020203C6F6D6764633A426F756E6473206865696768743D2232382E30222077696474683D2232382E302220783D223732302E302220793D223135342E30223E3C2F6F6D6764633A426F756E64733E0A2020202020203C2F62706D6E64693A42504D4E53686170653E0A2020202020203C62706D6E64693A42504D4E456467652062706D6E456C656D656E743D227369642D30364538424137302D353231432D344341372D393944342D444545303937413438334444222069643D2242504D4E456467655F7369642D30364538424137302D353231432D344341372D393944342D444545303937413438334444223E0A20202020202020203C6F6D6764693A776179706F696E7420783D223530342E393439393939393939393937332220793D223136372E333333223E3C2F6F6D6764693A776179706F696E743E0A20202020202020203C6F6D6764693A776179706F696E7420783D223535352E302220793D223136372E3636363636363636363636363639223E3C2F6F6D6764693A776179706F696E743E0A2020202020203C2F62706D6E64693A42504D4E456467653E0A2020202020203C62706D6E64693A42504D4E456467652062706D6E456C656D656E743D227369642D44304343384641432D373845312D344345322D393236302D414534464431353242353446222069643D2242504D4E456467655F7369642D44304343384641432D373845312D344345322D393236302D414534464431353242353446223E0A20202020202020203C6F6D6764693A776179706F696E7420783D223230342E39352220793D223136372E30223E3C2F6F6D6764693A776179706F696E743E0A20202020202020203C6F6D6764693A776179706F696E7420783D223235352E302220793D223136372E30223E3C2F6F6D6764693A776179706F696E743E0A2020202020203C2F62706D6E64693A42504D4E456467653E0A2020202020203C62706D6E64693A42504D4E456467652062706D6E456C656D656E743D227369642D42443836393630392D323035462D343234442D423430372D413037353638314631343644222069643D2242504D4E456467655F7369642D42443836393630392D323035462D343234442D423430372D413037353638314631343644223E0A20202020202020203C6F6D6764693A776179706F696E7420783D223635342E393439393939393939393939392220793D223136382E30223E3C2F6F6D6764693A776179706F696E743E0A20202020202020203C6F6D6764693A776179706F696E7420783D223732302E302220793D223136382E30223E3C2F6F6D6764693A776179706F696E743E0A2020202020203C2F62706D6E64693A42504D4E456467653E0A2020202020203C62706D6E64693A42504D4E456467652062706D6E456C656D656E743D227369642D39454230343132412D393039302D344244322D383044382D313539394430333941463631222069643D2242504D4E456467655F7369642D39454230343132412D393039302D344244322D383044382D313539394430333941463631223E0A20202020202020203C6F6D6764693A776179706F696E7420783D223335342E39353030303030303030303030352220793D223136372E30223E3C2F6F6D6764693A776179706F696E743E0A20202020202020203C6F6D6764693A776179706F696E7420783D223430352E302220793D223136372E30223E3C2F6F6D6764693A776179706F696E743E0A2020202020203C2F62706D6E64693A42504D4E456467653E0A2020202020203C62706D6E64693A42504D4E456467652062706D6E456C656D656E743D227369642D43463743463944352D333233302D343546322D423446382D413530393135343439303930222069643D2242504D4E456467655F7369642D43463743463944352D333233302D343546322D423446382D413530393135343439303930223E0A20202020202020203C6F6D6764693A776179706F696E7420783D2234342E39343939393838333034393330362220793D223136372E30223E3C2F6F6D6764693A776179706F696E743E0A20202020202020203C6F6D6764693A776179706F696E7420783D223130352E302220793D223136372E30223E3C2F6F6D6764693A776179706F696E743E0A2020202020203C2F62706D6E64693A42504D4E456467653E0A202020203C2F62706D6E64693A42504D4E506C616E653E0A20203C2F62706D6E64693A42504D4E4469616772616D3E0A3C2F646566696E6974696F6E733E, 0);
INSERT INTO `act_ge_bytearray` VALUES ('5005', 1, 'ClueReview.ClueReview.png', '5003', 0x89504E470D0A1A0A0000000D49484452000002F6000000DA0806000000CD100644000019B34944415478DAEDDD0B8C9D659907F049D4B8AE6B58138C4B5C578DC435863586C4B8C6C51012C31A25C84A696D47E856D22242AD022B0AA4C825165051D1AC1882C2B222212C62B7CBAD85726FB805BA204AE52694D6B26CC54A6B2DF2EDF73F3BEFE4E3F49CB9752E67667EBFE44DCF9C399D3933E73FCFF7BCEFF79E73FAFA00000000000000000000000000000000000000000000000000000000000000000000000000000000000000000000000000000000000000000000000000000000000000000000000000000000000000000000000000000000000000000000000000000000000000000000000000000000000000000000000000000000000000000000000000000000000000000000000000000000000000000000000000000000000000000000000000000000000000000000000000000000000000000000000000000000000000000000000000000000000000000000000000000000000000000000000000000000000000000000000000000000000000000000000000000000000000000000000000000000000000000000000000000000000000000000000000000000000000000000000000000000000000000000000000000000000000000000000000000000000000000000000000000000000000000000000000000000000000000000000000000000000000000000000000A0B75555F5EAC71F7FFCCA75EBD6FD69CD9A35D58D37DE684CF258BD7A7575EBADB7FE4F3DFAE5CA902BB9922B00C62407C9DB6EBBADDAB2654BB573E74E638AC673CF3D57DD72CB2D2FD407CDC3E5CA902BB9922B1346134660D452C81C247BE660B9B32E708FC8952157722557268C268CC0A865754241E99D511F2877C9952157722557268C268CC0A8E5149862D25307CA4AAE0CB9922BB9326134610426EC40F9FBDF6EAA1EBFE787D5C3ABCF688D5CCE758A9003A55CC9955CC99509A32157304D0ADAB6AD1BAB87AE3FAD7A70D549AF18B92E9F53881434B9922BB9922B134643AE601A14B4A71FFED96E07C9329E7978A542A4A0C9955CC9955C99301A7205D3A1A03D72F3395D0F94F99C42A4A0C9955CC9955C99301A7205D3A0A03D74E3E95D0B5A3EA7102968722557722557268C865C8103A5A101932BB9922BB9922B43630F9351D0F224A16E052D9F53881434B9922BB9922B8DBD2157300D0ADA863BBEDBB5A0E5730A918226577225577265C268C8154C8382F6FCC6F5D543372CDF7D95A2BE2E9F53881434B9922BB9922B134643AE601A14B48C27EEBD74B76296EB1421054DAEE44AAEE4CA84511EE40AA6CB81F20F7FA836DCF9AFBBAF52D4D7E5730A918226577225577265C268C815F47841CB1B6F3C7AC7055D4F41E673DE9C4341932BB9922BB9326134E40A7AB5A0D5856AD3869BAAFFBEEE2B5D0F9265E436B9ADE2A6A0C9955CC9955C99301A72053D54D0862B628A9B8226577225578609A309A35CC1342868232962431537854941932BB9922BB932613434F6D003056DAC07C9321426054DAEE44AAEE4CA84D1D0D843AF9C82341434B9922BB9324C184D18E50A1C280D074A8FA75CC9955CC995A1B107054D41932B43AEE44AAEE44AAE00054D41932B43AE0CB9922BB9625AA9AAEACFD6AF5FBFE4924B2EB965C58A152F2C5DBA74D7C2850BAB79F3E655FDFDFD2F7FF6B39FDD79CA29A73C7ECE39E75C568FBFF51B53D01434B9922BB932E44AAEE48A1E6BE8AFBAEAAA4BCF3CF3CC5DCB962DAB2EBCF0C26ADDBA75D5C68D1BAB1D3B7654917FB76CD952DD77DF7D55DDF8579FFFFCE75FFEC217BEF0E4E2C58B8FF61B54D01434B9922BB932E44AAEE46ABA5AB060C15FCF9D3BF7B879F3E65D598F0DF5D89685ED7AECA8C713F5E7AEAEFF3D31B7EBE91FA46EE0179D75D6597F38E9A4935A4DFB4B2FBD548DD4030F3C509D7CF2C92F2D59B2E4913973E6EC2B160A9A822657722557865C793CE56ABAF8D4A73EF5897ADC588F9D038DFC48C6CDF5EDFB7B6D95FED5D75C73CD4DC71C734CB572E5CA5135F4EDAEBBEEBA6AD1A245DBADDE2B680A9A5CC9955C1972E5F194AB5E5737E76FAF9BF3EB46D1CC771AB7F5C4C2769AFAB56BD7DE7DFCF1C7578F3EFA68351E9E7CF2C9AA9E246C3FFAE8A33FA7B157481434B9922BB932E4CA90AB5E3477EEDC79F3E7CFFFDF6693BE60C182EA6B5FFB5A75D34D3755BFFEF5AFABDFFDEE77ADFEF6C5175F6C6D4DBFE38E3BAAF3CF3FBFFAF4A73FDDDEDC6F9BF2D5FBACD4A7A9CF9EF9F194AFB778F1E26D3D777A424153D0E4CA902BB9922BB9922B4DFDDCB91FAFFBD4979A0DFD65975D36E29E78EBD6ADADDBE7FF351BFCFA6B4ECDAE95ECA9CFF69BF15AA9EFB4727FE491476EAD7FC0776BEC0D054DAEE44AAE0CB932E4AA5756EA9B4DFD17BFF8C5D6EAFC58E4FFE5F9A96DCDFDE42E6CE7D56FCE38E38C9DD9533F9156AD5AB5BD9EC9DCA5B1371434B9922BB932E4CA90ABA9963DF5CDED37CB972F1FDC6E3356D9A673F6D967B76FCB99BC85EDABAFBEFADF33BBF8E31FFF584DB4638F3D76F36CDC92A3A029687225577265C895C753AE7A4BDDD4AF6EAED4EF6953DF6CEEDB56EE6F9BB4D5FABC4E7D5ED272323CF8E0833B67E3AABD82A6A0C9955CC99521571E4FB9EA1D7949CBE69EFAB16EBF196A5B4E73CFFDA42C6CE71D65F384D93D7959CBD15AB468D1E69CFA9821A1C86B9CFE8382A6A0C9952157C66CCCD5C2850BFF52632F57D3B5872B4D779EF83A112EBFFCF2C95DB5BFE4924B6EB9E8A28BAAC974FEF9E73F9077E99A217BB3CA2CECC6B973E7FEBD82A6A0C9955CC99531CB72F5483DCE1BAEC1972BB9EAA5458CBC536C79C26C56D59F7FFEF909E979F36A396D2F8539B10BDB2B56AC7861DDBA7593DAD8DF79E79D4FD63FD8CA99D4D837C6B59DC2A4A029687225577265CCD05C3D913CD593C5ADF5BFA7CE9933E72F34F672D5EB8B18F5F5C795DB9D7BEEB913BDA0DDACBB13BBB0BD74E9D25D9B366D9AD4C67EF3E6CD5BEA1FECE919DAD80F86A979C054D01434B9922BB9326668AE9E6BE669A0C15F78E08107BE5A632F57BDBA88515F7765F9FCDAB56B27B4EFCD9B5835EECBC42E6C2F5CB8B0DAB163C7A436F6F97EF50FB6632637F6CD3065B6A8A029687225577265CCB25C3D523753FFA8B197AB5E5CC4A83FDE50AE1FEF27CDB6CB3BD436EEC7D313FEC34F85111C6066D450D07A6BC895215772355D46DD88E471D9558FEDF5F8EDC00AF9B3F578AA1EBF4A035D4FC8D6D7FFDE578FBBEA716B3DD6D4D75D97D5C17AFC473DAEA8BFCE65F5B8B8BE7C613DBE5B7FFEFCFAE373EBCB67D7E3F4FAE353EA8FFFA51ECBEA8F3F578FC5F575FF9C57F2A82FD717E7FE537DF990F9F3E71F5CFF7B507DDD0199088E2053F7E5D547E44A63DF4B8B18037F4FAD8FC7EB252E877AE9CBC6F79ED885EDA38E3AEAE5C95EB1DFBE7DFBE659B0627F4FDE9EB89C8A1CCF8276E59557567BEFBDF7886FFFC4134F54575F7D7575DA69A7E58FB85AB66CD96EB7F9C52F7ED1FADCB3CF3E5BDD75D75DD511471CD11A471E796475CD35D7B43EF7831FFC60F0F677DF7D7775D861870DDEA6DBED3A8DDCE6EB5FFFFAB0B739F1C4135B97AFB8E28AD6599E727D9EB93E8B57C0F63857F91DE609F379A2502E3FF3CC331D6F97DBAC5AB56AB7FF9B2C35AF7BEEB9E7AAFAFEB446C9C155575DD5BA6D9E3494DBE4F1CBC79DBECFB5D75E5BBDFEF5AF1FFC38F97BEF7BDFDBF17E9F72CA29ADCBB95FCDDCEDB5D75E4336A3F9BFDFFEF6B787FCBDE43EBEE10D6FA83EFAD18FEE96E91FFDE8477235C6F1D0430FB57E8739153DD4ED469AB7E6E395CFA7767DE0031FA8FAFBFB07AFBBE5965BF6B8264E457E86CA551E9B430E39E4CFE7CC99B357DD24EF5DFFBCFBD497FFA67EDCDE9937BE59B060C1DFD597F71F68B40F48E39D063C8F6BFDF161F5C747D49717A4514FC39EC63D0D7CFDF149F5E5AFD46379FDF15969F4D3F0A7F1CF04606022F06FF5F8493DAEAA3FF7B38109C39A8109C45D2368A2F204C55D1A7B0B11BD3A267B417B420BFDF1C71FBF73B2F7D8D7CDE32F67F01EFB571C2027E214641ADD77BDEB5D43DE260D7A0E2AB96D0E361FF9C847AA175E78A1EBED5FF39AD7B49AA3CD9B370F36D139C8E6A0949966FBEDDFF4A63755071D7450C703607BE39D836CEE4B39D0EDB3CF3ED501071CD0BA5C9AC077BCE31D1D9BCF72F9D24B2F1DBC9C9F691636F6E392AB7BEFBDB7F53BCCC4ACFC3EBB355CF95C7296C7E82D6F794BEBFFE4BA4F7EF293830D4BC9462609EF7FFFFB5B99C8E7DEF8C637B6AE4B53B77EFDFAC1AF57BE76FEDF073FF8C1D66DBFFAD5AFB61AFB34EDF93893BEBC635F6E5FB298910948AE7BFAE9A75F717DF9DA175C70C12BAE5BB366CD60C6F2B5DFFCE6370FDEEFEF7DEF7B5D7FE6DCDFFCFD34AFCB645AAEC63EF2B73CD42472B479BBEDB6DB5AD7E5713CF3CC33AB7DF7DDB77ACF7BDE53BDED6D6FAB8E39E698C1DB3FF5D45363AE8953919F193861CC1EE603277B2BCE48168F9A238F6B8E69A3F9FAF9F94673FBA99C185AB1EF5CF3F26EB03372C5FEB4D34EDB30D9AF8A73FDF5D7FFD70C7C559CBB72AAB1FD00391E05AD7D75F2CB5FFE726BC5BE3442F9A3CF1F7F564ED34C7DF8C31F6E8D6EB7CF812DB7CFC1315F7FDBB66DAD8F7FFEF39FB7FE4DA39D03711AFD638F3D76B7836A461AED346F7997B6F62294AFD33C80B737E3F93807E3E6A422F7B1ACA495AF939F21DFA7ACCA350F9C23299433E44039AEB9CAEF2DCFFE2F1FDF70C30DD5FEFBEFBFDBEDF27B4F537EF1C517571B366CA86EBEF9E6C1C7B039D12AA36428ABEFCDC7A93469ED8D7DF93F65C53E596BDEC7E1CEFA0C35A1CC0132DF372BB8254B3FFEF18F07FF4ED264E5E76A6FFCDAF3F5A52F7D692637F61356AFCA04320D7969CAB33A9E895CB3E9CEE5B1E66DB809FE638F3DD6BA4DFE1D6D4D9CCAFC4CC75CE51570DA1AA71D59F1AFC77EE39DAB6E63B48B47A97B797CCB639C3337399E953CA4963427A2594C78EB5BDF3A98E73CFEAF7DED6B5B6795CBF74C53DEAB13438D7DE7458C19BBC7FEBCF3CEBB68B25FC77EF9F2E5AB66D0EBD8775CF11ACF82D66CA87320C91F7AB3D96D1FA561CA48E3FDBAD7BDAE3AE490435AC5A85B3159BA7469EB809AAFBF64C992D67559CD4A21EA744A3C2B633950B67FADACFE66FB45B328E6FE348B5C3EB768D1A2D6E56CE74961ECB65DA45C4E514C31CEE514E8E14EB5CF80066CDC73551EE74ED797E6BB8C1C08F3F8E4E098DCA411CA8A56AE7BF7BBDFDD6A74DA1FE37CFCA10F7DE815ABA5B99C95D44E8D7D732B4E7B63DF6CDA92CB7C9D6CCFF9D6B7BE356C635FFE6672804C66B30A5C1ACA32D1B8FFFEFB873CB036EFC30C6BEC27BC5E95C955F3E3ACA8E78C4EB7DB8F266F69D4CBA2C4030F3CD0AA21A58E94BC952D6063AD8953959FE998ABBC26F740B3B26D60CFFEDE1395ABA16ADB48178FDAF330F0BB6D3DAEDDEE5F3E3F7FFEFCAEDF3FF5AB6C1DEDC589E12C6FECBB2E62CCD857C539F5D453DF79DC71C7FD6912DF797647FD07F2D84C79E7D9911AAF82963FF21CF0D2C464C5A939B3EFB462558AD6C1071F3CB895212B0F59514B01CAE4A0B92DA31CE89A052607CFF6C63E8D7AAECB2A5C4E697FFFFBDF6FADFCE6DF1C34DB57819BC52997CB84A1BDA96BDE3E1387B27524FBAEBB6DB9F016EDC3FFBC698AF35895B32BCDB32C79ACBEF9CD6F0EAE8C663B562E67053507A3B212566E9F495D39BB93A63B5F3F8F7BD9AB5C56CC724AB95363DF5C41EDB415A7E4B0347269B292D51C9CCBE9EFE6CF53FE4FFBEF220D591AC54ED9EA766ABB99FB72966A2635F6935DAF46D2D88F256F65247799E8A7592FB74DC3BE2735712AF3334D57ECFF2A4FBC1DC9BBCF4E54633F96C5A38C952B570EAEA4E7985A8E6BC94AF37699C86532591AB3F6B3D4EDC7A45E9B18CED2C67ED8458C19FB3AF65117C55FDD77DF7D93B50DE7B249794BDD1978A0CC1F780A4FFEC8D3D894273FA6296BAE6E666522A705CB0132B739FAE8A3070B4B9AAFE6968CB222FABEF7BDAFD5A49746BE9C1D28852645AAEC8D2EFBA39BA73FCBF69814B9BE81BDD0CDFBDE5CCD2D45370DE0A1871E3A78BB7CAFAC7C34B763B44F0A66C31EFBF1CC551AA7E60A66790C9A4F406C3F7094BDC7F95C1AB2F627C5B61FF84A4E32D92CCD7769D03BADD83757CC869ADCE5FB353FCECBF3B69FD12907E8F655E2FC4CF93B48DEDB0FC465C5B7D3F72CF92FF7773499D3D8BFF27791BA93C737CD5369A0F277DDBEB56FB4792B5B14B39A9F8CA531CFE4219948339E2D137B5213A72A3F72B567C7C7912E1E65DB6A598CC8712DCD761638F27F3249CCF5596C68D6CD525FB2FA9E45867206BD3C87A87DF4D2C4703636F62391779E1D78B5A9097FE7D9FEFEFE9727ED9D67E3339FF9CC9C134E3861D724ACDA6F9D3F7FFEFD79E92C8DFDC8470E7A294CE58965657F682E670F7C59C5CFFEF4B2BA590E7CCD7D7F7D5D9EF0D3FC3FB94D59252FAF66D1DC7BDFDC1AD45E70FA86D8F73ED2C63E4D6859596B6E036A16EC52F8867A229E03E5D007C0729AB76C9B6A7F35926EFB3B93937286A7FD76D9379A9CEEB7DF7EAF38059D866B345B71BA7DEFA11AFB6E4F32CFD7EDD498650F77A7ED235949CB96AFE4B86FE0792BA5A96C4E54E56AF8916C955A31DC569CD1E6ADFDB6993CA6BE74DA9A31969A3855F991AB3D6BEC47728CC959EE1CE3BA4DBACA0A7C73F1A12C3AE5737905A6D4AC3269CD759D1AF85E9A186AECBBCBEBDA97863B676D26C2E5975FDE5CAD9FBC85ED254B96ACCFAAD744CA7EFEFC50C3EDEFD4D8EFDCED95409A452605A3344BCDA2D3A9614AB39526AE6F609F7AA7EF91834F1EFBDC3E93835C9715B09C152807CE1CACDAFF5F2940E55555866AECCB932ADB5753B215281387E1F6D8E7E72B138EDCC7DCAFF6155A07CAE14739CB531E8F3C57A1AFC35ECFE6E3505650CB8129AB5579EC47B2629F57B769AEC60ED7D8E7314D16CB6A5A73C5AC9CB12A4F746C6FF8CAC1BAF93791FB939F2D5B34CAE9F8DCF74E996B3E57200D5A33A7E5FB776AE8E46ACFB6E28C256FDD1AFB34D1C95BFB6337DA9A3855F991AB896FEC87CB5BA76D7D1979CCB3B29FDB641B5756F653AF4ADEDA8FC1BD3431D4D80FD9D87FA234DD59B51FEF27D1E6EBCD9F3FFFE5C61B644DDEC2764E0DD47F08DB1F7DF4D10969EAEBD05F537F8F4D79BDDDD9189EF12C685905CD29E891DC3685217B98535452DC522CF2DAF3EDB72B2F2D97AF5D8A58D94E539AACD2F43747F6D367FF7B79626B73EBC45005B8D341B71C18CBC1B19CAE2CAB1765DBC8F2E5CB5BFF369F0CE54039B2333F65C2545652D3B80CD570753BF0B5BF4466B715FBE6C16E342BF67D1D5E36B53C0FA0AC9CB567ADB91296FB97CFBFEA55AF1A6CC2CA44202B6E652F6D73CF76B2DE6C16F324F2ACB8E5BEA54918C959020DD8FFFF1ED3F86494CC246769B0CAD697F21C8AF627C18F346FED8F77D9F6506A44B614EE494D9CAAFCC8D5D8C768178FBAED5FEFEBF25E2979FCCBABE224CB25CFC95E56EF7B7962A8B11FB6FFBDB934DE99B08DD74B5FE6387BC20927BCD45CAD9FF485EDFEFEFE0575317A71CB962DE3DAD43FF3CC33B7D73396A766E3169C892868594DEFB6029115FE3C6931A79CB397351380E6C1B36C73E9F404B3AC8CE5609CDBE7C0D5FE24A36E0D600EA665DF6CB727058DB4B12FAF90D1D7F684D97259411B5BAED2A864D5B434F479CCF2AA117D6DCF85E8F458E5B16FBFAE5363DF7E56A76C972A93C43C2FA3DB0179A4ABB979A58992C732E1CB36B43C39ADAFF124B6F27365D52C7B653FF6B18FB526A8796DEBBE81BDABE52C45EE63FE9ECA361FB91AFF57C519CDAAEB48F2D63ED240757BFCC65213A72A3F72357EABF7431D63869B4876FABFCDE784E46C76A737D1EBD589A1C67EF885ED8177736E35E0593CDCD3E63E7939FBECB39BFBEAB74DD9C2F682050B162D5EBC78DB78ADDC67A53E4DFDDCB9734F9ECDC1F18E7BDE4A5BAEE44AAE0CB99AFAC6BEBC824EDFC0CB58361BFB4CE4F224EA728631CFFBCA1BEF6594DB644B4ED99653DEA7A1AFED7D3C7A6962A8B11F5EDDA3CE2B4FA42D2BF763DD9693FFD7B6525F4DF9C2767EC0FEFEFE177EFAD39FFE7E0F9E50BBF51BDFF8C60FB3FDA61E0B677B681C281D28E54AAEE4CA90ABA9FF7D8EF68CD29E3C9F4BAEA6D5CAFDC266739F3DF7D99695E77A8DF4D56FF244D9E69EFA8C9E59D8CEA989FACEAD59B264C9E6FBEFBF7FFB685EA7FE861B6EB8BC9E18DC93FD44B3754FBD03A5822657722557865CC9955C4DAF95FB7A6C6D36E669F07316276F6295D5F8B24D27675EF28EB2D97AF59DEF7CA73AEAA8A3FED4F66EB7DB7A7261BBBE5387A7C15FB870E196152B563C7CFBEDB73F55FF209B32838DEDDBB76F7EF6D9677FB97AF5EAFF3CFDF4D3AFAD7F018FA7A1CF0F331B5FFD464153D0E44AAEE4CA902BB992AB69BB72FFF6E6CB608E71F4FEC2765EC8BFBE93CB06DE82F7897AEC18B8F3F9F7E9BC456EDE4D6BB6BDA3AC82A6A0C9952157865CC9955CCDB806FFF081067FD7681A7A0BDB1A7B4341932BB9922B43AE0CB9B2B08D826638507A3CE54AAEE44AAE0C8D3D28680A9A5C19722557722557720528680A9A5C197265C8955CC91568EC0D054DAEE44AAE0CB932E40A14344341932BB9922BB9922B43630F0A9A822657865CC9955CC9955C010A9A822657865C1972255772051A7B4341932BB9922B43AE0CB90205CD50D0E44AAEE44AAEE4CA902B50D00C074A43AEE44AAEE44AAE00054D41932B43AE0CB9922BB9028DBDA1A0C9955CC9952157865C81826628687225577225577265C81528688603A52157722557726568EC414153D0E4CA902B43AEE44AAE4063AF9028687225577265C8952157A0A0190A9A5CC9955CC9955C1972050A9AE14069C8955CC9955C191A7B50D01434B932E4CA902BB9922B404153D0E44AAEE4CA902B8FA75CC1CCB066CD1A85A477C68EBAA0ED922B43AEE44AAE34F61A7B60D46EBDF5D64D5BB66C514C7A606CDCB8F12775417B44AE0CB9922BB9326134610446EDA69B6E3A74EDDAB5BFFDCD6F7EB35D4199BA429683E4EAD5AB9FAAC7E17265C8955CC99509A3092330267571FE78FD87744F66C93905664CFAC8EFFD91997290942BB9922BB932613466FB8411000013461346000000000000000000000000000000000000000000000000000060E2FD1F01D717D974DA7B890000000049454E44AE426082, 1);

-- ----------------------------
-- Table structure for act_ge_property
-- ----------------------------
DROP TABLE IF EXISTS `act_ge_property`;
CREATE TABLE `act_ge_property`  (
  `NAME_` varchar(64) CHARACTER SET utf8 COLLATE utf8_bin NOT NULL,
  `VALUE_` varchar(300) CHARACTER SET utf8 COLLATE utf8_bin NULL DEFAULT NULL,
  `REV_` int(11) NULL DEFAULT NULL,
  PRIMARY KEY (`NAME_`) USING BTREE
) ENGINE = InnoDB CHARACTER SET = utf8 COLLATE = utf8_bin ROW_FORMAT = Dynamic;

-- ----------------------------
-- Records of act_ge_property
-- ----------------------------
INSERT INTO `act_ge_property` VALUES ('cfg.execution-related-entities-count', 'true', 1);
INSERT INTO `act_ge_property` VALUES ('cfg.task-related-entities-count', 'true', 1);
INSERT INTO `act_ge_property` VALUES ('common.schema.version', '6.4.1.3', 1);
INSERT INTO `act_ge_property` VALUES ('entitylink.schema.version', '6.4.1.3', 1);
INSERT INTO `act_ge_property` VALUES ('identitylink.schema.version', '6.4.1.3', 1);
INSERT INTO `act_ge_property` VALUES ('job.schema.version', '6.4.1.3', 1);
INSERT INTO `act_ge_property` VALUES ('next.dbid', '25001', 11);
INSERT INTO `act_ge_property` VALUES ('schema.history', 'create(6.4.1.3)', 1);
INSERT INTO `act_ge_property` VALUES ('schema.version', '6.4.1.3', 1);
INSERT INTO `act_ge_property` VALUES ('task.schema.version', '6.4.1.3', 1);
INSERT INTO `act_ge_property` VALUES ('variable.schema.version', '6.4.1.3', 1);

-- ----------------------------
-- Table structure for act_hi_actinst
-- ----------------------------
DROP TABLE IF EXISTS `act_hi_actinst`;
CREATE TABLE `act_hi_actinst`  (
  `ID_` varchar(64) CHARACTER SET utf8 COLLATE utf8_bin NOT NULL,
  `REV_` int(11) NULL DEFAULT 1,
  `PROC_DEF_ID_` varchar(64) CHARACTER SET utf8 COLLATE utf8_bin NOT NULL,
  `PROC_INST_ID_` varchar(64) CHARACTER SET utf8 COLLATE utf8_bin NOT NULL,
  `EXECUTION_ID_` varchar(64) CHARACTER SET utf8 COLLATE utf8_bin NOT NULL,
  `ACT_ID_` varchar(255) CHARACTER SET utf8 COLLATE utf8_bin NOT NULL,
  `TASK_ID_` varchar(64) CHARACTER SET utf8 COLLATE utf8_bin NULL DEFAULT NULL,
  `CALL_PROC_INST_ID_` varchar(64) CHARACTER SET utf8 COLLATE utf8_bin NULL DEFAULT NULL,
  `ACT_NAME_` varchar(255) CHARACTER SET utf8 COLLATE utf8_bin NULL DEFAULT NULL,
  `ACT_TYPE_` varchar(255) CHARACTER SET utf8 COLLATE utf8_bin NOT NULL,
  `ASSIGNEE_` varchar(255) CHARACTER SET utf8 COLLATE utf8_bin NULL DEFAULT NULL,
  `START_TIME_` datetime(3) NOT NULL,
  `END_TIME_` datetime(3) NULL DEFAULT NULL,
  `DURATION_` bigint(20) NULL DEFAULT NULL,
  `DELETE_REASON_` varchar(4000) CHARACTER SET utf8 COLLATE utf8_bin NULL DEFAULT NULL,
  `TENANT_ID_` varchar(255) CHARACTER SET utf8 COLLATE utf8_bin NULL DEFAULT '',
  PRIMARY KEY (`ID_`) USING BTREE,
  INDEX `ACT_IDX_HI_ACT_INST_START`(`START_TIME_`) USING BTREE,
  INDEX `ACT_IDX_HI_ACT_INST_END`(`END_TIME_`) USING BTREE,
  INDEX `ACT_IDX_HI_ACT_INST_PROCINST`(`PROC_INST_ID_`, `ACT_ID_`) USING BTREE,
  INDEX `ACT_IDX_HI_ACT_INST_EXEC`(`EXECUTION_ID_`, `ACT_ID_`) USING BTREE
) ENGINE = InnoDB CHARACTER SET = utf8 COLLATE = utf8_bin ROW_FORMAT = Dynamic;

-- ----------------------------
-- Records of act_hi_actinst
-- ----------------------------
INSERT INTO `act_hi_actinst` VALUES ('12514', 1, 'ClueReview:2:12508', '12512', '12513', 'startEvent1', NULL, NULL, NULL, 'startEvent', NULL, '2019-07-03 17:30:01.114', '2019-07-03 17:30:01.137', 23, NULL, '');
INSERT INTO `act_hi_actinst` VALUES ('12517', 1, 'ClueReview:2:12508', '12512', '12513', 'sid-CF7CF9D5-3230-45F2-B4F8-A50915449090', NULL, NULL, NULL, 'sequenceFlow', NULL, '2019-07-03 17:30:01.141', '2019-07-03 17:30:01.141', 0, NULL, '');
INSERT INTO `act_hi_actinst` VALUES ('12518', 2, 'ClueReview:2:12508', '12512', '12513', 'sid-C8E16093-E5E9-434E-918D-5136EBE142D2', '12519', NULL, '', 'userTask', NULL, '2019-07-03 17:30:01.141', '2019-07-03 17:36:38.604', 397463, NULL, '');
INSERT INTO `act_hi_actinst` VALUES ('12522', 1, 'ClueReview:2:12508', '12512', '12513', 'sid-D0CC8FAC-78E1-4CE2-9260-AE4FD152B54F', NULL, NULL, NULL, 'sequenceFlow', NULL, '2019-07-03 17:36:38.607', '2019-07-03 17:36:38.607', 0, NULL, '');
INSERT INTO `act_hi_actinst` VALUES ('12523', 1, 'ClueReview:2:12508', '12512', '12513', 'sid-CC4A6051-5011-4E76-966B-13F5F8A24C99', '12524', NULL, '', 'userTask', NULL, '2019-07-03 17:36:38.610', NULL, NULL, NULL, '');
INSERT INTO `act_hi_actinst` VALUES ('15007', 1, 'ClueReview:3:15004', '15005', '15006', 'startEvent1', NULL, NULL, NULL, 'startEvent', NULL, '2019-07-09 08:31:23.444', '2019-07-09 08:31:23.457', 13, NULL, '');
INSERT INTO `act_hi_actinst` VALUES ('15010', 1, 'ClueReview:3:15004', '15005', '15006', 'sid-CF7CF9D5-3230-45F2-B4F8-A50915449090', NULL, NULL, NULL, 'sequenceFlow', NULL, '2019-07-09 08:31:23.459', '2019-07-09 08:31:23.459', 0, NULL, '');
INSERT INTO `act_hi_actinst` VALUES ('15011', 1, 'ClueReview:3:15004', '15005', '15006', 'sid-C8E16093-E5E9-434E-918D-5136EBE142D2', '15012', NULL, '', 'userTask', NULL, '2019-07-09 08:31:23.459', NULL, NULL, NULL, '');
INSERT INTO `act_hi_actinst` VALUES ('22504', 1, 'ClueReview:3:15004', '22501', '22503', 'startEvent1', NULL, NULL, NULL, 'startEvent', NULL, '2019-07-09 09:02:05.187', '2019-07-09 09:02:05.199', 12, NULL, '');
INSERT INTO `act_hi_actinst` VALUES ('22507', 1, 'ClueReview:3:15004', '22501', '22503', 'sid-CF7CF9D5-3230-45F2-B4F8-A50915449090', NULL, NULL, NULL, 'sequenceFlow', NULL, '2019-07-09 09:02:05.202', '2019-07-09 09:02:05.202', 0, NULL, '');
INSERT INTO `act_hi_actinst` VALUES ('22508', 1, 'ClueReview:3:15004', '22501', '22503', 'sid-C8E16093-E5E9-434E-918D-5136EBE142D2', '22509', NULL, '', 'userTask', NULL, '2019-07-09 09:02:05.202', NULL, NULL, NULL, '');
INSERT INTO `act_hi_actinst` VALUES ('22514', 1, 'ClueReview:3:15004', '22511', '22513', 'startEvent1', NULL, NULL, NULL, 'startEvent', NULL, '2019-07-09 09:05:02.776', '2019-07-09 09:05:02.779', 3, NULL, '');
INSERT INTO `act_hi_actinst` VALUES ('22517', 1, 'ClueReview:3:15004', '22511', '22513', 'sid-CF7CF9D5-3230-45F2-B4F8-A50915449090', NULL, NULL, NULL, 'sequenceFlow', NULL, '2019-07-09 09:05:02.779', '2019-07-09 09:05:02.779', 0, NULL, '');
INSERT INTO `act_hi_actinst` VALUES ('22518', 1, 'ClueReview:3:15004', '22511', '22513', 'sid-C8E16093-E5E9-434E-918D-5136EBE142D2', '22519', NULL, '', 'userTask', NULL, '2019-07-09 09:05:02.779', NULL, NULL, NULL, '');

-- ----------------------------
-- Table structure for act_hi_attachment
-- ----------------------------
DROP TABLE IF EXISTS `act_hi_attachment`;
CREATE TABLE `act_hi_attachment`  (
  `ID_` varchar(64) CHARACTER SET utf8 COLLATE utf8_bin NOT NULL,
  `REV_` int(11) NULL DEFAULT NULL,
  `USER_ID_` varchar(255) CHARACTER SET utf8 COLLATE utf8_bin NULL DEFAULT NULL,
  `NAME_` varchar(255) CHARACTER SET utf8 COLLATE utf8_bin NULL DEFAULT NULL,
  `DESCRIPTION_` varchar(4000) CHARACTER SET utf8 COLLATE utf8_bin NULL DEFAULT NULL,
  `TYPE_` varchar(255) CHARACTER SET utf8 COLLATE utf8_bin NULL DEFAULT NULL,
  `TASK_ID_` varchar(64) CHARACTER SET utf8 COLLATE utf8_bin NULL DEFAULT NULL,
  `PROC_INST_ID_` varchar(64) CHARACTER SET utf8 COLLATE utf8_bin NULL DEFAULT NULL,
  `URL_` varchar(4000) CHARACTER SET utf8 COLLATE utf8_bin NULL DEFAULT NULL,
  `CONTENT_ID_` varchar(64) CHARACTER SET utf8 COLLATE utf8_bin NULL DEFAULT NULL,
  `TIME_` datetime(3) NULL DEFAULT NULL,
  PRIMARY KEY (`ID_`) USING BTREE
) ENGINE = InnoDB CHARACTER SET = utf8 COLLATE = utf8_bin ROW_FORMAT = Dynamic;

-- ----------------------------
-- Records of act_hi_attachment
-- ----------------------------

-- ----------------------------
-- Table structure for act_hi_comment
-- ----------------------------
DROP TABLE IF EXISTS `act_hi_comment`;
CREATE TABLE `act_hi_comment`  (
  `ID_` varchar(64) CHARACTER SET utf8 COLLATE utf8_bin NOT NULL,
  `TYPE_` varchar(255) CHARACTER SET utf8 COLLATE utf8_bin NULL DEFAULT NULL,
  `TIME_` datetime(3) NOT NULL,
  `USER_ID_` varchar(255) CHARACTER SET utf8 COLLATE utf8_bin NULL DEFAULT NULL,
  `TASK_ID_` varchar(64) CHARACTER SET utf8 COLLATE utf8_bin NULL DEFAULT NULL,
  `PROC_INST_ID_` varchar(64) CHARACTER SET utf8 COLLATE utf8_bin NULL DEFAULT NULL,
  `ACTION_` varchar(255) CHARACTER SET utf8 COLLATE utf8_bin NULL DEFAULT NULL,
  `MESSAGE_` varchar(4000) CHARACTER SET utf8 COLLATE utf8_bin NULL DEFAULT NULL,
  `FULL_MSG_` longblob NULL,
  PRIMARY KEY (`ID_`) USING BTREE
) ENGINE = InnoDB CHARACTER SET = utf8 COLLATE = utf8_bin ROW_FORMAT = Dynamic;

-- ----------------------------
-- Records of act_hi_comment
-- ----------------------------

-- ----------------------------
-- Table structure for act_hi_detail
-- ----------------------------
DROP TABLE IF EXISTS `act_hi_detail`;
CREATE TABLE `act_hi_detail`  (
  `ID_` varchar(64) CHARACTER SET utf8 COLLATE utf8_bin NOT NULL,
  `TYPE_` varchar(255) CHARACTER SET utf8 COLLATE utf8_bin NOT NULL,
  `PROC_INST_ID_` varchar(64) CHARACTER SET utf8 COLLATE utf8_bin NULL DEFAULT NULL,
  `EXECUTION_ID_` varchar(64) CHARACTER SET utf8 COLLATE utf8_bin NULL DEFAULT NULL,
  `TASK_ID_` varchar(64) CHARACTER SET utf8 COLLATE utf8_bin NULL DEFAULT NULL,
  `ACT_INST_ID_` varchar(64) CHARACTER SET utf8 COLLATE utf8_bin NULL DEFAULT NULL,
  `NAME_` varchar(255) CHARACTER SET utf8 COLLATE utf8_bin NOT NULL,
  `VAR_TYPE_` varchar(255) CHARACTER SET utf8 COLLATE utf8_bin NULL DEFAULT NULL,
  `REV_` int(11) NULL DEFAULT NULL,
  `TIME_` datetime(3) NOT NULL,
  `BYTEARRAY_ID_` varchar(64) CHARACTER SET utf8 COLLATE utf8_bin NULL DEFAULT NULL,
  `DOUBLE_` double NULL DEFAULT NULL,
  `LONG_` bigint(20) NULL DEFAULT NULL,
  `TEXT_` varchar(4000) CHARACTER SET utf8 COLLATE utf8_bin NULL DEFAULT NULL,
  `TEXT2_` varchar(4000) CHARACTER SET utf8 COLLATE utf8_bin NULL DEFAULT NULL,
  PRIMARY KEY (`ID_`) USING BTREE,
  INDEX `ACT_IDX_HI_DETAIL_PROC_INST`(`PROC_INST_ID_`) USING BTREE,
  INDEX `ACT_IDX_HI_DETAIL_ACT_INST`(`ACT_INST_ID_`) USING BTREE,
  INDEX `ACT_IDX_HI_DETAIL_TIME`(`TIME_`) USING BTREE,
  INDEX `ACT_IDX_HI_DETAIL_NAME`(`NAME_`) USING BTREE,
  INDEX `ACT_IDX_HI_DETAIL_TASK_ID`(`TASK_ID_`) USING BTREE
) ENGINE = InnoDB CHARACTER SET = utf8 COLLATE = utf8_bin ROW_FORMAT = Dynamic;

-- ----------------------------
-- Records of act_hi_detail
-- ----------------------------
INSERT INTO `act_hi_detail` VALUES ('12515', 'FormProperty', '12512', '12513', NULL, '12514', 'title', NULL, NULL, '2019-07-03 17:30:01.115', NULL, NULL, NULL, 'XXX', NULL);
INSERT INTO `act_hi_detail` VALUES ('15008', 'FormProperty', '15005', '15006', NULL, '15007', 'title', NULL, NULL, '2019-07-09 08:31:23.444', NULL, NULL, NULL, '', NULL);
INSERT INTO `act_hi_detail` VALUES ('22505', 'FormProperty', '22501', '22503', NULL, '22504', 'title', NULL, NULL, '2019-07-09 09:02:05.188', NULL, NULL, NULL, '', NULL);
INSERT INTO `act_hi_detail` VALUES ('22515', 'FormProperty', '22511', '22513', NULL, '22514', 'title', NULL, NULL, '2019-07-09 09:05:02.776', NULL, NULL, NULL, '', NULL);

-- ----------------------------
-- Table structure for act_hi_entitylink
-- ----------------------------
DROP TABLE IF EXISTS `act_hi_entitylink`;
CREATE TABLE `act_hi_entitylink`  (
  `ID_` varchar(64) CHARACTER SET utf8 COLLATE utf8_bin NOT NULL,
  `LINK_TYPE_` varchar(255) CHARACTER SET utf8 COLLATE utf8_bin NULL DEFAULT NULL,
  `CREATE_TIME_` datetime(3) NULL DEFAULT NULL,
  `SCOPE_ID_` varchar(255) CHARACTER SET utf8 COLLATE utf8_bin NULL DEFAULT NULL,
  `SCOPE_TYPE_` varchar(255) CHARACTER SET utf8 COLLATE utf8_bin NULL DEFAULT NULL,
  `SCOPE_DEFINITION_ID_` varchar(255) CHARACTER SET utf8 COLLATE utf8_bin NULL DEFAULT NULL,
  `REF_SCOPE_ID_` varchar(255) CHARACTER SET utf8 COLLATE utf8_bin NULL DEFAULT NULL,
  `REF_SCOPE_TYPE_` varchar(255) CHARACTER SET utf8 COLLATE utf8_bin NULL DEFAULT NULL,
  `REF_SCOPE_DEFINITION_ID_` varchar(255) CHARACTER SET utf8 COLLATE utf8_bin NULL DEFAULT NULL,
  `HIERARCHY_TYPE_` varchar(255) CHARACTER SET utf8 COLLATE utf8_bin NULL DEFAULT NULL,
  PRIMARY KEY (`ID_`) USING BTREE,
  INDEX `ACT_IDX_HI_ENT_LNK_SCOPE`(`SCOPE_ID_`, `SCOPE_TYPE_`, `LINK_TYPE_`) USING BTREE,
  INDEX `ACT_IDX_HI_ENT_LNK_SCOPE_DEF`(`SCOPE_DEFINITION_ID_`, `SCOPE_TYPE_`, `LINK_TYPE_`) USING BTREE
) ENGINE = InnoDB CHARACTER SET = utf8 COLLATE = utf8_bin ROW_FORMAT = Dynamic;

-- ----------------------------
-- Records of act_hi_entitylink
-- ----------------------------

-- ----------------------------
-- Table structure for act_hi_identitylink
-- ----------------------------
DROP TABLE IF EXISTS `act_hi_identitylink`;
CREATE TABLE `act_hi_identitylink`  (
  `ID_` varchar(64) CHARACTER SET utf8 COLLATE utf8_bin NOT NULL,
  `GROUP_ID_` varchar(255) CHARACTER SET utf8 COLLATE utf8_bin NULL DEFAULT NULL,
  `TYPE_` varchar(255) CHARACTER SET utf8 COLLATE utf8_bin NULL DEFAULT NULL,
  `USER_ID_` varchar(255) CHARACTER SET utf8 COLLATE utf8_bin NULL DEFAULT NULL,
  `TASK_ID_` varchar(64) CHARACTER SET utf8 COLLATE utf8_bin NULL DEFAULT NULL,
  `CREATE_TIME_` datetime(3) NULL DEFAULT NULL,
  `PROC_INST_ID_` varchar(64) CHARACTER SET utf8 COLLATE utf8_bin NULL DEFAULT NULL,
  `SCOPE_ID_` varchar(255) CHARACTER SET utf8 COLLATE utf8_bin NULL DEFAULT NULL,
  `SCOPE_TYPE_` varchar(255) CHARACTER SET utf8 COLLATE utf8_bin NULL DEFAULT NULL,
  `SCOPE_DEFINITION_ID_` varchar(255) CHARACTER SET utf8 COLLATE utf8_bin NULL DEFAULT NULL,
  PRIMARY KEY (`ID_`) USING BTREE,
  INDEX `ACT_IDX_HI_IDENT_LNK_USER`(`USER_ID_`) USING BTREE,
  INDEX `ACT_IDX_HI_IDENT_LNK_SCOPE`(`SCOPE_ID_`, `SCOPE_TYPE_`) USING BTREE,
  INDEX `ACT_IDX_HI_IDENT_LNK_SCOPE_DEF`(`SCOPE_DEFINITION_ID_`, `SCOPE_TYPE_`) USING BTREE,
  INDEX `ACT_IDX_HI_IDENT_LNK_TASK`(`TASK_ID_`) USING BTREE,
  INDEX `ACT_IDX_HI_IDENT_LNK_PROCINST`(`PROC_INST_ID_`) USING BTREE
) ENGINE = InnoDB CHARACTER SET = utf8 COLLATE = utf8_bin ROW_FORMAT = Dynamic;

-- ----------------------------
-- Records of act_hi_identitylink
-- ----------------------------
INSERT INTO `act_hi_identitylink` VALUES ('12520', 'LetterClueReview:bwld', 'candidate', NULL, '12519', '2019-07-03 17:30:01.184', NULL, NULL, NULL, NULL);
INSERT INTO `act_hi_identitylink` VALUES ('12525', 'LetterClueReview:fgfsj', 'candidate', NULL, '12524', '2019-07-03 17:36:38.610', NULL, NULL, NULL, NULL);
INSERT INTO `act_hi_identitylink` VALUES ('15013', 'LetterClueReview:bwld', 'candidate', NULL, '15012', '2019-07-09 08:31:23.483', NULL, NULL, NULL, NULL);
INSERT INTO `act_hi_identitylink` VALUES ('22502', NULL, 'starter', '19', NULL, '2019-07-09 09:02:05.185', '22501', NULL, NULL, NULL);
INSERT INTO `act_hi_identitylink` VALUES ('22510', 'LetterClueReview:bwld', 'candidate', NULL, '22509', '2019-07-09 09:02:05.227', NULL, NULL, NULL, NULL);
INSERT INTO `act_hi_identitylink` VALUES ('22512', NULL, 'starter', '19', NULL, '2019-07-09 09:05:02.776', '22511', NULL, NULL, NULL);
INSERT INTO `act_hi_identitylink` VALUES ('22520', 'LetterClueReview:bwld', 'candidate', NULL, '22519', '2019-07-09 09:05:02.779', NULL, NULL, NULL, NULL);

-- ----------------------------
-- Table structure for act_hi_procinst
-- ----------------------------
DROP TABLE IF EXISTS `act_hi_procinst`;
CREATE TABLE `act_hi_procinst`  (
  `ID_` varchar(64) CHARACTER SET utf8 COLLATE utf8_bin NOT NULL,
  `REV_` int(11) NULL DEFAULT 1,
  `PROC_INST_ID_` varchar(64) CHARACTER SET utf8 COLLATE utf8_bin NOT NULL,
  `BUSINESS_KEY_` varchar(255) CHARACTER SET utf8 COLLATE utf8_bin NULL DEFAULT NULL,
  `PROC_DEF_ID_` varchar(64) CHARACTER SET utf8 COLLATE utf8_bin NOT NULL,
  `START_TIME_` datetime(3) NOT NULL,
  `END_TIME_` datetime(3) NULL DEFAULT NULL,
  `DURATION_` bigint(20) NULL DEFAULT NULL,
  `START_USER_ID_` varchar(255) CHARACTER SET utf8 COLLATE utf8_bin NULL DEFAULT NULL,
  `START_ACT_ID_` varchar(255) CHARACTER SET utf8 COLLATE utf8_bin NULL DEFAULT NULL,
  `END_ACT_ID_` varchar(255) CHARACTER SET utf8 COLLATE utf8_bin NULL DEFAULT NULL,
  `SUPER_PROCESS_INSTANCE_ID_` varchar(64) CHARACTER SET utf8 COLLATE utf8_bin NULL DEFAULT NULL,
  `DELETE_REASON_` varchar(4000) CHARACTER SET utf8 COLLATE utf8_bin NULL DEFAULT NULL,
  `TENANT_ID_` varchar(255) CHARACTER SET utf8 COLLATE utf8_bin NULL DEFAULT '',
  `NAME_` varchar(255) CHARACTER SET utf8 COLLATE utf8_bin NULL DEFAULT NULL,
  `CALLBACK_ID_` varchar(255) CHARACTER SET utf8 COLLATE utf8_bin NULL DEFAULT NULL,
  `CALLBACK_TYPE_` varchar(255) CHARACTER SET utf8 COLLATE utf8_bin NULL DEFAULT NULL,
  PRIMARY KEY (`ID_`) USING BTREE,
  UNIQUE INDEX `PROC_INST_ID_`(`PROC_INST_ID_`) USING BTREE,
  INDEX `ACT_IDX_HI_PRO_INST_END`(`END_TIME_`) USING BTREE,
  INDEX `ACT_IDX_HI_PRO_I_BUSKEY`(`BUSINESS_KEY_`) USING BTREE
) ENGINE = InnoDB CHARACTER SET = utf8 COLLATE = utf8_bin ROW_FORMAT = Dynamic;

-- ----------------------------
-- Records of act_hi_procinst
-- ----------------------------
INSERT INTO `act_hi_procinst` VALUES ('12512', 1, '12512', NULL, 'ClueReview:2:12508', '2019-07-03 17:30:01.114', NULL, NULL, NULL, 'startEvent1', NULL, NULL, NULL, '', NULL, NULL, NULL);
INSERT INTO `act_hi_procinst` VALUES ('15005', 1, '15005', '1000', 'ClueReview:3:15004', '2019-07-09 08:31:23.442', NULL, NULL, NULL, 'startEvent1', NULL, NULL, NULL, '', NULL, NULL, NULL);
INSERT INTO `act_hi_procinst` VALUES ('22501', 1, '22501', '', 'ClueReview:3:15004', '2019-07-09 09:02:05.059', NULL, NULL, '19', 'startEvent1', NULL, NULL, NULL, '', NULL, NULL, NULL);
INSERT INTO `act_hi_procinst` VALUES ('22511', 1, '22511', '11111', 'ClueReview:3:15004', '2019-07-09 09:05:02.776', NULL, NULL, '19', 'startEvent1', NULL, NULL, NULL, '', NULL, NULL, NULL);

-- ----------------------------
-- Table structure for act_hi_taskinst
-- ----------------------------
DROP TABLE IF EXISTS `act_hi_taskinst`;
CREATE TABLE `act_hi_taskinst`  (
  `ID_` varchar(64) CHARACTER SET utf8 COLLATE utf8_bin NOT NULL,
  `REV_` int(11) NULL DEFAULT 1,
  `PROC_DEF_ID_` varchar(64) CHARACTER SET utf8 COLLATE utf8_bin NULL DEFAULT NULL,
  `TASK_DEF_ID_` varchar(64) CHARACTER SET utf8 COLLATE utf8_bin NULL DEFAULT NULL,
  `TASK_DEF_KEY_` varchar(255) CHARACTER SET utf8 COLLATE utf8_bin NULL DEFAULT NULL,
  `PROC_INST_ID_` varchar(64) CHARACTER SET utf8 COLLATE utf8_bin NULL DEFAULT NULL,
  `EXECUTION_ID_` varchar(64) CHARACTER SET utf8 COLLATE utf8_bin NULL DEFAULT NULL,
  `SCOPE_ID_` varchar(255) CHARACTER SET utf8 COLLATE utf8_bin NULL DEFAULT NULL,
  `SUB_SCOPE_ID_` varchar(255) CHARACTER SET utf8 COLLATE utf8_bin NULL DEFAULT NULL,
  `SCOPE_TYPE_` varchar(255) CHARACTER SET utf8 COLLATE utf8_bin NULL DEFAULT NULL,
  `SCOPE_DEFINITION_ID_` varchar(255) CHARACTER SET utf8 COLLATE utf8_bin NULL DEFAULT NULL,
  `NAME_` varchar(255) CHARACTER SET utf8 COLLATE utf8_bin NULL DEFAULT NULL,
  `PARENT_TASK_ID_` varchar(64) CHARACTER SET utf8 COLLATE utf8_bin NULL DEFAULT NULL,
  `DESCRIPTION_` varchar(4000) CHARACTER SET utf8 COLLATE utf8_bin NULL DEFAULT NULL,
  `OWNER_` varchar(255) CHARACTER SET utf8 COLLATE utf8_bin NULL DEFAULT NULL,
  `ASSIGNEE_` varchar(255) CHARACTER SET utf8 COLLATE utf8_bin NULL DEFAULT NULL,
  `START_TIME_` datetime(3) NOT NULL,
  `CLAIM_TIME_` datetime(3) NULL DEFAULT NULL,
  `END_TIME_` datetime(3) NULL DEFAULT NULL,
  `DURATION_` bigint(20) NULL DEFAULT NULL,
  `DELETE_REASON_` varchar(4000) CHARACTER SET utf8 COLLATE utf8_bin NULL DEFAULT NULL,
  `PRIORITY_` int(11) NULL DEFAULT NULL,
  `DUE_DATE_` datetime(3) NULL DEFAULT NULL,
  `FORM_KEY_` varchar(255) CHARACTER SET utf8 COLLATE utf8_bin NULL DEFAULT NULL,
  `CATEGORY_` varchar(255) CHARACTER SET utf8 COLLATE utf8_bin NULL DEFAULT NULL,
  `TENANT_ID_` varchar(255) CHARACTER SET utf8 COLLATE utf8_bin NULL DEFAULT '',
  `LAST_UPDATED_TIME_` datetime(3) NULL DEFAULT NULL,
  PRIMARY KEY (`ID_`) USING BTREE,
  INDEX `ACT_IDX_HI_TASK_SCOPE`(`SCOPE_ID_`, `SCOPE_TYPE_`) USING BTREE,
  INDEX `ACT_IDX_HI_TASK_SUB_SCOPE`(`SUB_SCOPE_ID_`, `SCOPE_TYPE_`) USING BTREE,
  INDEX `ACT_IDX_HI_TASK_SCOPE_DEF`(`SCOPE_DEFINITION_ID_`, `SCOPE_TYPE_`) USING BTREE,
  INDEX `ACT_IDX_HI_TASK_INST_PROCINST`(`PROC_INST_ID_`) USING BTREE
) ENGINE = InnoDB CHARACTER SET = utf8 COLLATE = utf8_bin ROW_FORMAT = Dynamic;

-- ----------------------------
-- Records of act_hi_taskinst
-- ----------------------------
INSERT INTO `act_hi_taskinst` VALUES ('12519', 2, 'ClueReview:2:12508', NULL, 'sid-C8E16093-E5E9-434E-918D-5136EBE142D2', '12512', '12513', NULL, NULL, NULL, NULL, '', NULL, NULL, NULL, NULL, '2019-07-03 17:30:01.142', NULL, '2019-07-03 17:36:38.594', 397452, NULL, 50, NULL, NULL, NULL, '', '2019-07-03 17:36:38.594');
INSERT INTO `act_hi_taskinst` VALUES ('12524', 1, 'ClueReview:2:12508', NULL, 'sid-CC4A6051-5011-4E76-966B-13F5F8A24C99', '12512', '12513', NULL, NULL, NULL, NULL, '', NULL, NULL, NULL, NULL, '2019-07-03 17:36:38.610', NULL, NULL, NULL, NULL, 50, NULL, NULL, NULL, '', '2019-07-03 17:36:38.610');
INSERT INTO `act_hi_taskinst` VALUES ('15012', 1, 'ClueReview:3:15004', NULL, 'sid-C8E16093-E5E9-434E-918D-5136EBE142D2', '15005', '15006', NULL, NULL, NULL, NULL, '', NULL, NULL, NULL, NULL, '2019-07-09 08:31:23.460', NULL, NULL, NULL, NULL, 50, NULL, 'bwld', NULL, '', '2019-07-09 08:31:23.482');
INSERT INTO `act_hi_taskinst` VALUES ('22509', 1, 'ClueReview:3:15004', NULL, 'sid-C8E16093-E5E9-434E-918D-5136EBE142D2', '22501', '22503', NULL, NULL, NULL, NULL, '', NULL, NULL, NULL, NULL, '2019-07-09 09:02:05.202', NULL, NULL, NULL, NULL, 50, NULL, 'bwld', NULL, '', '2019-07-09 09:02:05.226');
INSERT INTO `act_hi_taskinst` VALUES ('22519', 1, 'ClueReview:3:15004', NULL, 'sid-C8E16093-E5E9-434E-918D-5136EBE142D2', '22511', '22513', NULL, NULL, NULL, NULL, '', NULL, NULL, NULL, NULL, '2019-07-09 09:05:02.779', NULL, NULL, NULL, NULL, 50, NULL, 'bwld', NULL, '', '2019-07-09 09:05:02.779');

-- ----------------------------
-- Table structure for act_hi_tsk_log
-- ----------------------------
DROP TABLE IF EXISTS `act_hi_tsk_log`;
CREATE TABLE `act_hi_tsk_log`  (
  `ID_` bigint(20) NOT NULL AUTO_INCREMENT,
  `TYPE_` varchar(64) CHARACTER SET utf8 COLLATE utf8_bin NULL DEFAULT NULL,
  `TASK_ID_` varchar(64) CHARACTER SET utf8 COLLATE utf8_bin NOT NULL,
  `TIME_STAMP_` timestamp(3) NOT NULL DEFAULT CURRENT_TIMESTAMP(3) ON UPDATE CURRENT_TIMESTAMP(3),
  `USER_ID_` varchar(255) CHARACTER SET utf8 COLLATE utf8_bin NULL DEFAULT NULL,
  `DATA_` varchar(4000) CHARACTER SET utf8 COLLATE utf8_bin NULL DEFAULT NULL,
  `EXECUTION_ID_` varchar(64) CHARACTER SET utf8 COLLATE utf8_bin NULL DEFAULT NULL,
  `PROC_INST_ID_` varchar(64) CHARACTER SET utf8 COLLATE utf8_bin NULL DEFAULT NULL,
  `PROC_DEF_ID_` varchar(64) CHARACTER SET utf8 COLLATE utf8_bin NULL DEFAULT NULL,
  `SCOPE_ID_` varchar(255) CHARACTER SET utf8 COLLATE utf8_bin NULL DEFAULT NULL,
  `SCOPE_DEFINITION_ID_` varchar(255) CHARACTER SET utf8 COLLATE utf8_bin NULL DEFAULT NULL,
  `SUB_SCOPE_ID_` varchar(255) CHARACTER SET utf8 COLLATE utf8_bin NULL DEFAULT NULL,
  `SCOPE_TYPE_` varchar(255) CHARACTER SET utf8 COLLATE utf8_bin NULL DEFAULT NULL,
  `TENANT_ID_` varchar(255) CHARACTER SET utf8 COLLATE utf8_bin NULL DEFAULT '',
  PRIMARY KEY (`ID_`) USING BTREE
) ENGINE = InnoDB AUTO_INCREMENT = 1 CHARACTER SET = utf8 COLLATE = utf8_bin ROW_FORMAT = Dynamic;

-- ----------------------------
-- Records of act_hi_tsk_log
-- ----------------------------

-- ----------------------------
-- Table structure for act_hi_varinst
-- ----------------------------
DROP TABLE IF EXISTS `act_hi_varinst`;
CREATE TABLE `act_hi_varinst`  (
  `ID_` varchar(64) CHARACTER SET utf8 COLLATE utf8_bin NOT NULL,
  `REV_` int(11) NULL DEFAULT 1,
  `PROC_INST_ID_` varchar(64) CHARACTER SET utf8 COLLATE utf8_bin NULL DEFAULT NULL,
  `EXECUTION_ID_` varchar(64) CHARACTER SET utf8 COLLATE utf8_bin NULL DEFAULT NULL,
  `TASK_ID_` varchar(64) CHARACTER SET utf8 COLLATE utf8_bin NULL DEFAULT NULL,
  `NAME_` varchar(255) CHARACTER SET utf8 COLLATE utf8_bin NOT NULL,
  `VAR_TYPE_` varchar(100) CHARACTER SET utf8 COLLATE utf8_bin NULL DEFAULT NULL,
  `SCOPE_ID_` varchar(255) CHARACTER SET utf8 COLLATE utf8_bin NULL DEFAULT NULL,
  `SUB_SCOPE_ID_` varchar(255) CHARACTER SET utf8 COLLATE utf8_bin NULL DEFAULT NULL,
  `SCOPE_TYPE_` varchar(255) CHARACTER SET utf8 COLLATE utf8_bin NULL DEFAULT NULL,
  `BYTEARRAY_ID_` varchar(64) CHARACTER SET utf8 COLLATE utf8_bin NULL DEFAULT NULL,
  `DOUBLE_` double NULL DEFAULT NULL,
  `LONG_` bigint(20) NULL DEFAULT NULL,
  `TEXT_` varchar(4000) CHARACTER SET utf8 COLLATE utf8_bin NULL DEFAULT NULL,
  `TEXT2_` varchar(4000) CHARACTER SET utf8 COLLATE utf8_bin NULL DEFAULT NULL,
  `CREATE_TIME_` datetime(3) NULL DEFAULT NULL,
  `LAST_UPDATED_TIME_` datetime(3) NULL DEFAULT NULL,
  PRIMARY KEY (`ID_`) USING BTREE,
  INDEX `ACT_IDX_HI_PROCVAR_NAME_TYPE`(`NAME_`, `VAR_TYPE_`) USING BTREE,
  INDEX `ACT_IDX_HI_VAR_SCOPE_ID_TYPE`(`SCOPE_ID_`, `SCOPE_TYPE_`) USING BTREE,
  INDEX `ACT_IDX_HI_VAR_SUB_ID_TYPE`(`SUB_SCOPE_ID_`, `SCOPE_TYPE_`) USING BTREE,
  INDEX `ACT_IDX_HI_PROCVAR_PROC_INST`(`PROC_INST_ID_`) USING BTREE,
  INDEX `ACT_IDX_HI_PROCVAR_TASK_ID`(`TASK_ID_`) USING BTREE,
  INDEX `ACT_IDX_HI_PROCVAR_EXE`(`EXECUTION_ID_`) USING BTREE
) ENGINE = InnoDB CHARACTER SET = utf8 COLLATE = utf8_bin ROW_FORMAT = Dynamic;

-- ----------------------------
-- Records of act_hi_varinst
-- ----------------------------
INSERT INTO `act_hi_varinst` VALUES ('12516', 0, '12512', '12512', NULL, 'title', 'string', NULL, NULL, NULL, NULL, NULL, NULL, 'XXX', NULL, '2019-07-03 17:30:01.127', '2019-07-03 17:30:01.127');
INSERT INTO `act_hi_varinst` VALUES ('12521', 0, '12512', '12512', NULL, 'bwld_content', 'string', NULL, NULL, NULL, NULL, NULL, NULL, '', NULL, '2019-07-03 17:36:38.507', '2019-07-03 17:36:38.507');
INSERT INTO `act_hi_varinst` VALUES ('15009', 0, '15005', '15005', NULL, 'title', 'string', NULL, NULL, NULL, NULL, NULL, NULL, '', NULL, '2019-07-09 08:31:23.453', '2019-07-09 08:31:23.453');
INSERT INTO `act_hi_varinst` VALUES ('22506', 0, '22501', '22501', NULL, 'title', 'string', NULL, NULL, NULL, NULL, NULL, NULL, '', NULL, '2019-07-09 09:02:05.193', '2019-07-09 09:02:05.193');
INSERT INTO `act_hi_varinst` VALUES ('22516', 0, '22511', '22511', NULL, 'title', 'string', NULL, NULL, NULL, NULL, NULL, NULL, '', NULL, '2019-07-09 09:05:02.779', '2019-07-09 09:05:02.779');

-- ----------------------------
-- Table structure for act_procdef_info
-- ----------------------------
DROP TABLE IF EXISTS `act_procdef_info`;
CREATE TABLE `act_procdef_info`  (
  `ID_` varchar(64) CHARACTER SET utf8 COLLATE utf8_bin NOT NULL,
  `PROC_DEF_ID_` varchar(64) CHARACTER SET utf8 COLLATE utf8_bin NOT NULL,
  `REV_` int(11) NULL DEFAULT NULL,
  `INFO_JSON_ID_` varchar(64) CHARACTER SET utf8 COLLATE utf8_bin NULL DEFAULT NULL,
  PRIMARY KEY (`ID_`) USING BTREE,
  UNIQUE INDEX `ACT_UNIQ_INFO_PROCDEF`(`PROC_DEF_ID_`) USING BTREE,
  INDEX `ACT_IDX_INFO_PROCDEF`(`PROC_DEF_ID_`) USING BTREE,
  INDEX `ACT_FK_INFO_JSON_BA`(`INFO_JSON_ID_`) USING BTREE,
  CONSTRAINT `ACT_FK_INFO_JSON_BA` FOREIGN KEY (`INFO_JSON_ID_`) REFERENCES `act_ge_bytearray` (`ID_`) ON DELETE RESTRICT ON UPDATE RESTRICT,
  CONSTRAINT `ACT_FK_INFO_PROCDEF` FOREIGN KEY (`PROC_DEF_ID_`) REFERENCES `act_re_procdef` (`ID_`) ON DELETE RESTRICT ON UPDATE RESTRICT
) ENGINE = InnoDB CHARACTER SET = utf8 COLLATE = utf8_bin ROW_FORMAT = Dynamic;

-- ----------------------------
-- Records of act_procdef_info
-- ----------------------------

-- ----------------------------
-- Table structure for act_re_deployment
-- ----------------------------
DROP TABLE IF EXISTS `act_re_deployment`;
CREATE TABLE `act_re_deployment`  (
  `ID_` varchar(64) CHARACTER SET utf8 COLLATE utf8_bin NOT NULL,
  `NAME_` varchar(255) CHARACTER SET utf8 COLLATE utf8_bin NULL DEFAULT NULL,
  `CATEGORY_` varchar(255) CHARACTER SET utf8 COLLATE utf8_bin NULL DEFAULT NULL,
  `KEY_` varchar(255) CHARACTER SET utf8 COLLATE utf8_bin NULL DEFAULT NULL,
  `TENANT_ID_` varchar(255) CHARACTER SET utf8 COLLATE utf8_bin NULL DEFAULT '',
  `DEPLOY_TIME_` timestamp(3) NULL DEFAULT NULL,
  `DERIVED_FROM_` varchar(64) CHARACTER SET utf8 COLLATE utf8_bin NULL DEFAULT NULL,
  `DERIVED_FROM_ROOT_` varchar(64) CHARACTER SET utf8 COLLATE utf8_bin NULL DEFAULT NULL,
  `PARENT_DEPLOYMENT_ID_` varchar(255) CHARACTER SET utf8 COLLATE utf8_bin NULL DEFAULT NULL,
  `ENGINE_VERSION_` varchar(255) CHARACTER SET utf8 COLLATE utf8_bin NULL DEFAULT NULL,
  PRIMARY KEY (`ID_`) USING BTREE
) ENGINE = InnoDB CHARACTER SET = utf8 COLLATE = utf8_bin ROW_FORMAT = Dynamic;

-- ----------------------------
-- Records of act_re_deployment
-- ----------------------------
INSERT INTO `act_re_deployment` VALUES ('1', '', NULL, 'ClueReview', '', '2019-07-03 16:31:12.201', NULL, NULL, NULL, NULL);
INSERT INTO `act_re_deployment` VALUES ('10001', '', NULL, 'ClueReview', '', '2019-07-03 16:53:37.328', NULL, NULL, NULL, NULL);
INSERT INTO `act_re_deployment` VALUES ('12501', '', NULL, 'ClueReview', '', '2019-07-03 17:17:19.662', NULL, NULL, NULL, NULL);
INSERT INTO `act_re_deployment` VALUES ('12505', '', NULL, 'ClueReview', '', '2019-07-03 17:27:46.964', NULL, NULL, NULL, NULL);
INSERT INTO `act_re_deployment` VALUES ('15001', '', NULL, 'ClueReview', '', '2019-07-09 08:29:14.732', NULL, NULL, NULL, NULL);
INSERT INTO `act_re_deployment` VALUES ('2501', '', NULL, 'ClueReview', '', '2019-07-03 16:32:47.836', NULL, NULL, NULL, NULL);
INSERT INTO `act_re_deployment` VALUES ('5001', '', NULL, 'ClueReview', '', '2019-07-03 16:35:23.455', NULL, NULL, NULL, NULL);
INSERT INTO `act_re_deployment` VALUES ('5003', '', NULL, 'ClueReview', '', '2019-07-03 16:36:28.092', NULL, NULL, NULL, NULL);
INSERT INTO `act_re_deployment` VALUES ('5007', '', NULL, 'ClueReview', '', '2019-07-03 16:51:41.095', NULL, NULL, NULL, NULL);
INSERT INTO `act_re_deployment` VALUES ('5008', '', NULL, 'ClueReview', '', '2019-07-03 16:52:37.600', NULL, NULL, NULL, NULL);
INSERT INTO `act_re_deployment` VALUES ('7501', '', NULL, 'ClueReview', '', '2019-07-03 16:53:06.310', NULL, NULL, NULL, NULL);

-- ----------------------------
-- Table structure for act_re_model
-- ----------------------------
DROP TABLE IF EXISTS `act_re_model`;
CREATE TABLE `act_re_model`  (
  `ID_` varchar(64) CHARACTER SET utf8 COLLATE utf8_bin NOT NULL,
  `REV_` int(11) NULL DEFAULT NULL,
  `NAME_` varchar(255) CHARACTER SET utf8 COLLATE utf8_bin NULL DEFAULT NULL,
  `KEY_` varchar(255) CHARACTER SET utf8 COLLATE utf8_bin NULL DEFAULT NULL,
  `CATEGORY_` varchar(255) CHARACTER SET utf8 COLLATE utf8_bin NULL DEFAULT NULL,
  `CREATE_TIME_` timestamp(3) NULL DEFAULT NULL,
  `LAST_UPDATE_TIME_` timestamp(3) NULL DEFAULT NULL,
  `VERSION_` int(11) NULL DEFAULT NULL,
  `META_INFO_` varchar(4000) CHARACTER SET utf8 COLLATE utf8_bin NULL DEFAULT NULL,
  `DEPLOYMENT_ID_` varchar(64) CHARACTER SET utf8 COLLATE utf8_bin NULL DEFAULT NULL,
  `EDITOR_SOURCE_VALUE_ID_` varchar(64) CHARACTER SET utf8 COLLATE utf8_bin NULL DEFAULT NULL,
  `EDITOR_SOURCE_EXTRA_VALUE_ID_` varchar(64) CHARACTER SET utf8 COLLATE utf8_bin NULL DEFAULT NULL,
  `TENANT_ID_` varchar(255) CHARACTER SET utf8 COLLATE utf8_bin NULL DEFAULT '',
  PRIMARY KEY (`ID_`) USING BTREE,
  INDEX `ACT_FK_MODEL_SOURCE`(`EDITOR_SOURCE_VALUE_ID_`) USING BTREE,
  INDEX `ACT_FK_MODEL_SOURCE_EXTRA`(`EDITOR_SOURCE_EXTRA_VALUE_ID_`) USING BTREE,
  INDEX `ACT_FK_MODEL_DEPLOYMENT`(`DEPLOYMENT_ID_`) USING BTREE,
  CONSTRAINT `ACT_FK_MODEL_DEPLOYMENT` FOREIGN KEY (`DEPLOYMENT_ID_`) REFERENCES `act_re_deployment` (`ID_`) ON DELETE RESTRICT ON UPDATE RESTRICT,
  CONSTRAINT `ACT_FK_MODEL_SOURCE` FOREIGN KEY (`EDITOR_SOURCE_VALUE_ID_`) REFERENCES `act_ge_bytearray` (`ID_`) ON DELETE RESTRICT ON UPDATE RESTRICT,
  CONSTRAINT `ACT_FK_MODEL_SOURCE_EXTRA` FOREIGN KEY (`EDITOR_SOURCE_EXTRA_VALUE_ID_`) REFERENCES `act_ge_bytearray` (`ID_`) ON DELETE RESTRICT ON UPDATE RESTRICT
) ENGINE = InnoDB CHARACTER SET = utf8 COLLATE = utf8_bin ROW_FORMAT = Dynamic;

-- ----------------------------
-- Records of act_re_model
-- ----------------------------

-- ----------------------------
-- Table structure for act_re_procdef
-- ----------------------------
DROP TABLE IF EXISTS `act_re_procdef`;
CREATE TABLE `act_re_procdef`  (
  `ID_` varchar(64) CHARACTER SET utf8 COLLATE utf8_bin NOT NULL,
  `REV_` int(11) NULL DEFAULT NULL,
  `CATEGORY_` varchar(255) CHARACTER SET utf8 COLLATE utf8_bin NULL DEFAULT NULL,
  `NAME_` varchar(255) CHARACTER SET utf8 COLLATE utf8_bin NULL DEFAULT NULL,
  `KEY_` varchar(255) CHARACTER SET utf8 COLLATE utf8_bin NOT NULL,
  `VERSION_` int(11) NOT NULL,
  `DEPLOYMENT_ID_` varchar(64) CHARACTER SET utf8 COLLATE utf8_bin NULL DEFAULT NULL,
  `RESOURCE_NAME_` varchar(4000) CHARACTER SET utf8 COLLATE utf8_bin NULL DEFAULT NULL,
  `DGRM_RESOURCE_NAME_` varchar(4000) CHARACTER SET utf8 COLLATE utf8_bin NULL DEFAULT NULL,
  `DESCRIPTION_` varchar(4000) CHARACTER SET utf8 COLLATE utf8_bin NULL DEFAULT NULL,
  `HAS_START_FORM_KEY_` tinyint(4) NULL DEFAULT NULL,
  `HAS_GRAPHICAL_NOTATION_` tinyint(4) NULL DEFAULT NULL,
  `SUSPENSION_STATE_` int(11) NULL DEFAULT NULL,
  `TENANT_ID_` varchar(255) CHARACTER SET utf8 COLLATE utf8_bin NULL DEFAULT '',
  `ENGINE_VERSION_` varchar(255) CHARACTER SET utf8 COLLATE utf8_bin NULL DEFAULT NULL,
  `DERIVED_FROM_` varchar(64) CHARACTER SET utf8 COLLATE utf8_bin NULL DEFAULT NULL,
  `DERIVED_FROM_ROOT_` varchar(64) CHARACTER SET utf8 COLLATE utf8_bin NULL DEFAULT NULL,
  `DERIVED_VERSION_` int(11) NOT NULL DEFAULT 0,
  PRIMARY KEY (`ID_`) USING BTREE,
  UNIQUE INDEX `ACT_UNIQ_PROCDEF`(`KEY_`, `VERSION_`, `DERIVED_VERSION_`, `TENANT_ID_`) USING BTREE
) ENGINE = InnoDB CHARACTER SET = utf8 COLLATE = utf8_bin ROW_FORMAT = Dynamic;

-- ----------------------------
-- Records of act_re_procdef
-- ----------------------------
INSERT INTO `act_re_procdef` VALUES ('ClueReview:1:12504', 1, 'http://www.flowable.org/processdef', 'ClueReview', 'ClueReview', 1, '12501', 'ClueReview.bpmn20.xml', 'ClueReview.ClueReview.png', NULL, 0, 1, 1, '', NULL, NULL, NULL, 0);
INSERT INTO `act_re_procdef` VALUES ('ClueReview:2:12508', 1, 'http://www.flowable.org/processdef', 'ClueReview', 'ClueReview', 2, '12505', 'ClueReview.bpmn20.xml', 'ClueReview.ClueReview.png', NULL, 0, 1, 1, '', NULL, NULL, NULL, 0);
INSERT INTO `act_re_procdef` VALUES ('ClueReview:3:15004', 1, 'http://www.flowable.org/processdef', 'ClueReview', 'ClueReview', 3, '15001', 'ClueReview.bpmn20.xml', 'ClueReview.ClueReview.png', NULL, 0, 1, 1, '', NULL, NULL, NULL, 0);

-- ----------------------------
-- Table structure for act_ru_actinst
-- ----------------------------
DROP TABLE IF EXISTS `act_ru_actinst`;
CREATE TABLE `act_ru_actinst`  (
  `ID_` varchar(64) CHARACTER SET utf8 COLLATE utf8_bin NOT NULL,
  `REV_` int(11) NULL DEFAULT 1,
  `PROC_DEF_ID_` varchar(64) CHARACTER SET utf8 COLLATE utf8_bin NOT NULL,
  `PROC_INST_ID_` varchar(64) CHARACTER SET utf8 COLLATE utf8_bin NOT NULL,
  `EXECUTION_ID_` varchar(64) CHARACTER SET utf8 COLLATE utf8_bin NOT NULL,
  `ACT_ID_` varchar(255) CHARACTER SET utf8 COLLATE utf8_bin NOT NULL,
  `TASK_ID_` varchar(64) CHARACTER SET utf8 COLLATE utf8_bin NULL DEFAULT NULL,
  `CALL_PROC_INST_ID_` varchar(64) CHARACTER SET utf8 COLLATE utf8_bin NULL DEFAULT NULL,
  `ACT_NAME_` varchar(255) CHARACTER SET utf8 COLLATE utf8_bin NULL DEFAULT NULL,
  `ACT_TYPE_` varchar(255) CHARACTER SET utf8 COLLATE utf8_bin NOT NULL,
  `ASSIGNEE_` varchar(255) CHARACTER SET utf8 COLLATE utf8_bin NULL DEFAULT NULL,
  `START_TIME_` datetime(3) NOT NULL,
  `END_TIME_` datetime(3) NULL DEFAULT NULL,
  `DURATION_` bigint(20) NULL DEFAULT NULL,
  `DELETE_REASON_` varchar(4000) CHARACTER SET utf8 COLLATE utf8_bin NULL DEFAULT NULL,
  `TENANT_ID_` varchar(255) CHARACTER SET utf8 COLLATE utf8_bin NULL DEFAULT '',
  PRIMARY KEY (`ID_`) USING BTREE,
  INDEX `ACT_IDX_RU_ACTI_START`(`START_TIME_`) USING BTREE,
  INDEX `ACT_IDX_RU_ACTI_END`(`END_TIME_`) USING BTREE,
  INDEX `ACT_IDX_RU_ACTI_PROC`(`PROC_INST_ID_`) USING BTREE,
  INDEX `ACT_IDX_RU_ACTI_PROC_ACT`(`PROC_INST_ID_`, `ACT_ID_`) USING BTREE,
  INDEX `ACT_IDX_RU_ACTI_EXEC`(`EXECUTION_ID_`) USING BTREE,
  INDEX `ACT_IDX_RU_ACTI_EXEC_ACT`(`EXECUTION_ID_`, `ACT_ID_`) USING BTREE
) ENGINE = InnoDB CHARACTER SET = utf8 COLLATE = utf8_bin ROW_FORMAT = Dynamic;

-- ----------------------------
-- Records of act_ru_actinst
-- ----------------------------
INSERT INTO `act_ru_actinst` VALUES ('12514', 1, 'ClueReview:2:12508', '12512', '12513', 'startEvent1', NULL, NULL, NULL, 'startEvent', NULL, '2019-07-03 17:30:01.114', '2019-07-03 17:30:01.137', 23, NULL, '');
INSERT INTO `act_ru_actinst` VALUES ('12517', 1, 'ClueReview:2:12508', '12512', '12513', 'sid-CF7CF9D5-3230-45F2-B4F8-A50915449090', NULL, NULL, NULL, 'sequenceFlow', NULL, '2019-07-03 17:30:01.141', '2019-07-03 17:30:01.141', 0, NULL, '');
INSERT INTO `act_ru_actinst` VALUES ('12518', 2, 'ClueReview:2:12508', '12512', '12513', 'sid-C8E16093-E5E9-434E-918D-5136EBE142D2', '12519', NULL, '', 'userTask', NULL, '2019-07-03 17:30:01.141', '2019-07-03 17:36:38.604', 397463, NULL, '');
INSERT INTO `act_ru_actinst` VALUES ('12522', 1, 'ClueReview:2:12508', '12512', '12513', 'sid-D0CC8FAC-78E1-4CE2-9260-AE4FD152B54F', NULL, NULL, NULL, 'sequenceFlow', NULL, '2019-07-03 17:36:38.607', '2019-07-03 17:36:38.607', 0, NULL, '');
INSERT INTO `act_ru_actinst` VALUES ('12523', 1, 'ClueReview:2:12508', '12512', '12513', 'sid-CC4A6051-5011-4E76-966B-13F5F8A24C99', '12524', NULL, '', 'userTask', NULL, '2019-07-03 17:36:38.610', NULL, NULL, NULL, '');
INSERT INTO `act_ru_actinst` VALUES ('15007', 1, 'ClueReview:3:15004', '15005', '15006', 'startEvent1', NULL, NULL, NULL, 'startEvent', NULL, '2019-07-09 08:31:23.444', '2019-07-09 08:31:23.457', 13, NULL, '');
INSERT INTO `act_ru_actinst` VALUES ('15010', 1, 'ClueReview:3:15004', '15005', '15006', 'sid-CF7CF9D5-3230-45F2-B4F8-A50915449090', NULL, NULL, NULL, 'sequenceFlow', NULL, '2019-07-09 08:31:23.459', '2019-07-09 08:31:23.459', 0, NULL, '');
INSERT INTO `act_ru_actinst` VALUES ('15011', 1, 'ClueReview:3:15004', '15005', '15006', 'sid-C8E16093-E5E9-434E-918D-5136EBE142D2', '15012', NULL, '', 'userTask', NULL, '2019-07-09 08:31:23.459', NULL, NULL, NULL, '');
INSERT INTO `act_ru_actinst` VALUES ('22504', 1, 'ClueReview:3:15004', '22501', '22503', 'startEvent1', NULL, NULL, NULL, 'startEvent', NULL, '2019-07-09 09:02:05.187', '2019-07-09 09:02:05.199', 12, NULL, '');
INSERT INTO `act_ru_actinst` VALUES ('22507', 1, 'ClueReview:3:15004', '22501', '22503', 'sid-CF7CF9D5-3230-45F2-B4F8-A50915449090', NULL, NULL, NULL, 'sequenceFlow', NULL, '2019-07-09 09:02:05.202', '2019-07-09 09:02:05.202', 0, NULL, '');
INSERT INTO `act_ru_actinst` VALUES ('22508', 1, 'ClueReview:3:15004', '22501', '22503', 'sid-C8E16093-E5E9-434E-918D-5136EBE142D2', '22509', NULL, '', 'userTask', NULL, '2019-07-09 09:02:05.202', NULL, NULL, NULL, '');
INSERT INTO `act_ru_actinst` VALUES ('22514', 1, 'ClueReview:3:15004', '22511', '22513', 'startEvent1', NULL, NULL, NULL, 'startEvent', NULL, '2019-07-09 09:05:02.776', '2019-07-09 09:05:02.779', 3, NULL, '');
INSERT INTO `act_ru_actinst` VALUES ('22517', 1, 'ClueReview:3:15004', '22511', '22513', 'sid-CF7CF9D5-3230-45F2-B4F8-A50915449090', NULL, NULL, NULL, 'sequenceFlow', NULL, '2019-07-09 09:05:02.779', '2019-07-09 09:05:02.779', 0, NULL, '');
INSERT INTO `act_ru_actinst` VALUES ('22518', 1, 'ClueReview:3:15004', '22511', '22513', 'sid-C8E16093-E5E9-434E-918D-5136EBE142D2', '22519', NULL, '', 'userTask', NULL, '2019-07-09 09:05:02.779', NULL, NULL, NULL, '');

-- ----------------------------
-- Table structure for act_ru_deadletter_job
-- ----------------------------
DROP TABLE IF EXISTS `act_ru_deadletter_job`;
CREATE TABLE `act_ru_deadletter_job`  (
  `ID_` varchar(64) CHARACTER SET utf8 COLLATE utf8_bin NOT NULL,
  `REV_` int(11) NULL DEFAULT NULL,
  `TYPE_` varchar(255) CHARACTER SET utf8 COLLATE utf8_bin NOT NULL,
  `EXCLUSIVE_` tinyint(1) NULL DEFAULT NULL,
  `EXECUTION_ID_` varchar(64) CHARACTER SET utf8 COLLATE utf8_bin NULL DEFAULT NULL,
  `PROCESS_INSTANCE_ID_` varchar(64) CHARACTER SET utf8 COLLATE utf8_bin NULL DEFAULT NULL,
  `PROC_DEF_ID_` varchar(64) CHARACTER SET utf8 COLLATE utf8_bin NULL DEFAULT NULL,
  `SCOPE_ID_` varchar(255) CHARACTER SET utf8 COLLATE utf8_bin NULL DEFAULT NULL,
  `SUB_SCOPE_ID_` varchar(255) CHARACTER SET utf8 COLLATE utf8_bin NULL DEFAULT NULL,
  `SCOPE_TYPE_` varchar(255) CHARACTER SET utf8 COLLATE utf8_bin NULL DEFAULT NULL,
  `SCOPE_DEFINITION_ID_` varchar(255) CHARACTER SET utf8 COLLATE utf8_bin NULL DEFAULT NULL,
  `EXCEPTION_STACK_ID_` varchar(64) CHARACTER SET utf8 COLLATE utf8_bin NULL DEFAULT NULL,
  `EXCEPTION_MSG_` varchar(4000) CHARACTER SET utf8 COLLATE utf8_bin NULL DEFAULT NULL,
  `DUEDATE_` timestamp(3) NULL DEFAULT NULL,
  `REPEAT_` varchar(255) CHARACTER SET utf8 COLLATE utf8_bin NULL DEFAULT NULL,
  `HANDLER_TYPE_` varchar(255) CHARACTER SET utf8 COLLATE utf8_bin NULL DEFAULT NULL,
  `HANDLER_CFG_` varchar(4000) CHARACTER SET utf8 COLLATE utf8_bin NULL DEFAULT NULL,
  `CUSTOM_VALUES_ID_` varchar(64) CHARACTER SET utf8 COLLATE utf8_bin NULL DEFAULT NULL,
  `CREATE_TIME_` timestamp(3) NULL DEFAULT NULL,
  `TENANT_ID_` varchar(255) CHARACTER SET utf8 COLLATE utf8_bin NULL DEFAULT '',
  PRIMARY KEY (`ID_`) USING BTREE,
  INDEX `ACT_IDX_DEADLETTER_JOB_EXCEPTION_STACK_ID`(`EXCEPTION_STACK_ID_`) USING BTREE,
  INDEX `ACT_IDX_DEADLETTER_JOB_CUSTOM_VALUES_ID`(`CUSTOM_VALUES_ID_`) USING BTREE,
  INDEX `ACT_IDX_DJOB_SCOPE`(`SCOPE_ID_`, `SCOPE_TYPE_`) USING BTREE,
  INDEX `ACT_IDX_DJOB_SUB_SCOPE`(`SUB_SCOPE_ID_`, `SCOPE_TYPE_`) USING BTREE,
  INDEX `ACT_IDX_DJOB_SCOPE_DEF`(`SCOPE_DEFINITION_ID_`, `SCOPE_TYPE_`) USING BTREE,
  INDEX `ACT_FK_DEADLETTER_JOB_EXECUTION`(`EXECUTION_ID_`) USING BTREE,
  INDEX `ACT_FK_DEADLETTER_JOB_PROCESS_INSTANCE`(`PROCESS_INSTANCE_ID_`) USING BTREE,
  INDEX `ACT_FK_DEADLETTER_JOB_PROC_DEF`(`PROC_DEF_ID_`) USING BTREE,
  CONSTRAINT `ACT_FK_DEADLETTER_JOB_CUSTOM_VALUES` FOREIGN KEY (`CUSTOM_VALUES_ID_`) REFERENCES `act_ge_bytearray` (`ID_`) ON DELETE RESTRICT ON UPDATE RESTRICT,
  CONSTRAINT `ACT_FK_DEADLETTER_JOB_EXCEPTION` FOREIGN KEY (`EXCEPTION_STACK_ID_`) REFERENCES `act_ge_bytearray` (`ID_`) ON DELETE RESTRICT ON UPDATE RESTRICT,
  CONSTRAINT `ACT_FK_DEADLETTER_JOB_EXECUTION` FOREIGN KEY (`EXECUTION_ID_`) REFERENCES `act_ru_execution` (`ID_`) ON DELETE RESTRICT ON UPDATE RESTRICT,
  CONSTRAINT `ACT_FK_DEADLETTER_JOB_PROCESS_INSTANCE` FOREIGN KEY (`PROCESS_INSTANCE_ID_`) REFERENCES `act_ru_execution` (`ID_`) ON DELETE RESTRICT ON UPDATE RESTRICT,
  CONSTRAINT `ACT_FK_DEADLETTER_JOB_PROC_DEF` FOREIGN KEY (`PROC_DEF_ID_`) REFERENCES `act_re_procdef` (`ID_`) ON DELETE RESTRICT ON UPDATE RESTRICT
) ENGINE = InnoDB CHARACTER SET = utf8 COLLATE = utf8_bin ROW_FORMAT = Dynamic;

-- ----------------------------
-- Records of act_ru_deadletter_job
-- ----------------------------

-- ----------------------------
-- Table structure for act_ru_entitylink
-- ----------------------------
DROP TABLE IF EXISTS `act_ru_entitylink`;
CREATE TABLE `act_ru_entitylink`  (
  `ID_` varchar(64) CHARACTER SET utf8 COLLATE utf8_bin NOT NULL,
  `REV_` int(11) NULL DEFAULT NULL,
  `CREATE_TIME_` datetime(3) NULL DEFAULT NULL,
  `LINK_TYPE_` varchar(255) CHARACTER SET utf8 COLLATE utf8_bin NULL DEFAULT NULL,
  `SCOPE_ID_` varchar(255) CHARACTER SET utf8 COLLATE utf8_bin NULL DEFAULT NULL,
  `SCOPE_TYPE_` varchar(255) CHARACTER SET utf8 COLLATE utf8_bin NULL DEFAULT NULL,
  `SCOPE_DEFINITION_ID_` varchar(255) CHARACTER SET utf8 COLLATE utf8_bin NULL DEFAULT NULL,
  `REF_SCOPE_ID_` varchar(255) CHARACTER SET utf8 COLLATE utf8_bin NULL DEFAULT NULL,
  `REF_SCOPE_TYPE_` varchar(255) CHARACTER SET utf8 COLLATE utf8_bin NULL DEFAULT NULL,
  `REF_SCOPE_DEFINITION_ID_` varchar(255) CHARACTER SET utf8 COLLATE utf8_bin NULL DEFAULT NULL,
  `HIERARCHY_TYPE_` varchar(255) CHARACTER SET utf8 COLLATE utf8_bin NULL DEFAULT NULL,
  PRIMARY KEY (`ID_`) USING BTREE,
  INDEX `ACT_IDX_ENT_LNK_SCOPE`(`SCOPE_ID_`, `SCOPE_TYPE_`, `LINK_TYPE_`) USING BTREE,
  INDEX `ACT_IDX_ENT_LNK_SCOPE_DEF`(`SCOPE_DEFINITION_ID_`, `SCOPE_TYPE_`, `LINK_TYPE_`) USING BTREE
) ENGINE = InnoDB CHARACTER SET = utf8 COLLATE = utf8_bin ROW_FORMAT = Dynamic;

-- ----------------------------
-- Records of act_ru_entitylink
-- ----------------------------

-- ----------------------------
-- Table structure for act_ru_event_subscr
-- ----------------------------
DROP TABLE IF EXISTS `act_ru_event_subscr`;
CREATE TABLE `act_ru_event_subscr`  (
  `ID_` varchar(64) CHARACTER SET utf8 COLLATE utf8_bin NOT NULL,
  `REV_` int(11) NULL DEFAULT NULL,
  `EVENT_TYPE_` varchar(255) CHARACTER SET utf8 COLLATE utf8_bin NOT NULL,
  `EVENT_NAME_` varchar(255) CHARACTER SET utf8 COLLATE utf8_bin NULL DEFAULT NULL,
  `EXECUTION_ID_` varchar(64) CHARACTER SET utf8 COLLATE utf8_bin NULL DEFAULT NULL,
  `PROC_INST_ID_` varchar(64) CHARACTER SET utf8 COLLATE utf8_bin NULL DEFAULT NULL,
  `ACTIVITY_ID_` varchar(64) CHARACTER SET utf8 COLLATE utf8_bin NULL DEFAULT NULL,
  `CONFIGURATION_` varchar(255) CHARACTER SET utf8 COLLATE utf8_bin NULL DEFAULT NULL,
  `CREATED_` timestamp(3) NOT NULL DEFAULT CURRENT_TIMESTAMP(3),
  `PROC_DEF_ID_` varchar(64) CHARACTER SET utf8 COLLATE utf8_bin NULL DEFAULT NULL,
  `TENANT_ID_` varchar(255) CHARACTER SET utf8 COLLATE utf8_bin NULL DEFAULT '',
  PRIMARY KEY (`ID_`) USING BTREE,
  INDEX `ACT_IDX_EVENT_SUBSCR_CONFIG_`(`CONFIGURATION_`) USING BTREE,
  INDEX `ACT_FK_EVENT_EXEC`(`EXECUTION_ID_`) USING BTREE,
  CONSTRAINT `ACT_FK_EVENT_EXEC` FOREIGN KEY (`EXECUTION_ID_`) REFERENCES `act_ru_execution` (`ID_`) ON DELETE RESTRICT ON UPDATE RESTRICT
) ENGINE = InnoDB CHARACTER SET = utf8 COLLATE = utf8_bin ROW_FORMAT = Dynamic;

-- ----------------------------
-- Records of act_ru_event_subscr
-- ----------------------------

-- ----------------------------
-- Table structure for act_ru_execution
-- ----------------------------
DROP TABLE IF EXISTS `act_ru_execution`;
CREATE TABLE `act_ru_execution`  (
  `ID_` varchar(64) CHARACTER SET utf8 COLLATE utf8_bin NOT NULL,
  `REV_` int(11) NULL DEFAULT NULL,
  `PROC_INST_ID_` varchar(64) CHARACTER SET utf8 COLLATE utf8_bin NULL DEFAULT NULL,
  `BUSINESS_KEY_` varchar(255) CHARACTER SET utf8 COLLATE utf8_bin NULL DEFAULT NULL,
  `PARENT_ID_` varchar(64) CHARACTER SET utf8 COLLATE utf8_bin NULL DEFAULT NULL,
  `PROC_DEF_ID_` varchar(64) CHARACTER SET utf8 COLLATE utf8_bin NULL DEFAULT NULL,
  `SUPER_EXEC_` varchar(64) CHARACTER SET utf8 COLLATE utf8_bin NULL DEFAULT NULL,
  `ROOT_PROC_INST_ID_` varchar(64) CHARACTER SET utf8 COLLATE utf8_bin NULL DEFAULT NULL,
  `ACT_ID_` varchar(255) CHARACTER SET utf8 COLLATE utf8_bin NULL DEFAULT NULL,
  `IS_ACTIVE_` tinyint(4) NULL DEFAULT NULL,
  `IS_CONCURRENT_` tinyint(4) NULL DEFAULT NULL,
  `IS_SCOPE_` tinyint(4) NULL DEFAULT NULL,
  `IS_EVENT_SCOPE_` tinyint(4) NULL DEFAULT NULL,
  `IS_MI_ROOT_` tinyint(4) NULL DEFAULT NULL,
  `SUSPENSION_STATE_` int(11) NULL DEFAULT NULL,
  `CACHED_ENT_STATE_` int(11) NULL DEFAULT NULL,
  `TENANT_ID_` varchar(255) CHARACTER SET utf8 COLLATE utf8_bin NULL DEFAULT '',
  `NAME_` varchar(255) CHARACTER SET utf8 COLLATE utf8_bin NULL DEFAULT NULL,
  `START_ACT_ID_` varchar(255) CHARACTER SET utf8 COLLATE utf8_bin NULL DEFAULT NULL,
  `START_TIME_` datetime(3) NULL DEFAULT NULL,
  `START_USER_ID_` varchar(255) CHARACTER SET utf8 COLLATE utf8_bin NULL DEFAULT NULL,
  `LOCK_TIME_` timestamp(3) NULL DEFAULT NULL,
  `IS_COUNT_ENABLED_` tinyint(4) NULL DEFAULT NULL,
  `EVT_SUBSCR_COUNT_` int(11) NULL DEFAULT NULL,
  `TASK_COUNT_` int(11) NULL DEFAULT NULL,
  `JOB_COUNT_` int(11) NULL DEFAULT NULL,
  `TIMER_JOB_COUNT_` int(11) NULL DEFAULT NULL,
  `SUSP_JOB_COUNT_` int(11) NULL DEFAULT NULL,
  `DEADLETTER_JOB_COUNT_` int(11) NULL DEFAULT NULL,
  `VAR_COUNT_` int(11) NULL DEFAULT NULL,
  `ID_LINK_COUNT_` int(11) NULL DEFAULT NULL,
  `CALLBACK_ID_` varchar(255) CHARACTER SET utf8 COLLATE utf8_bin NULL DEFAULT NULL,
  `CALLBACK_TYPE_` varchar(255) CHARACTER SET utf8 COLLATE utf8_bin NULL DEFAULT NULL,
  PRIMARY KEY (`ID_`) USING BTREE,
  INDEX `ACT_IDX_EXEC_BUSKEY`(`BUSINESS_KEY_`) USING BTREE,
  INDEX `ACT_IDC_EXEC_ROOT`(`ROOT_PROC_INST_ID_`) USING BTREE,
  INDEX `ACT_FK_EXE_PROCINST`(`PROC_INST_ID_`) USING BTREE,
  INDEX `ACT_FK_EXE_PARENT`(`PARENT_ID_`) USING BTREE,
  INDEX `ACT_FK_EXE_SUPER`(`SUPER_EXEC_`) USING BTREE,
  INDEX `ACT_FK_EXE_PROCDEF`(`PROC_DEF_ID_`) USING BTREE,
  CONSTRAINT `ACT_FK_EXE_PARENT` FOREIGN KEY (`PARENT_ID_`) REFERENCES `act_ru_execution` (`ID_`) ON DELETE CASCADE ON UPDATE RESTRICT,
  CONSTRAINT `ACT_FK_EXE_PROCDEF` FOREIGN KEY (`PROC_DEF_ID_`) REFERENCES `act_re_procdef` (`ID_`) ON DELETE RESTRICT ON UPDATE RESTRICT,
  CONSTRAINT `ACT_FK_EXE_PROCINST` FOREIGN KEY (`PROC_INST_ID_`) REFERENCES `act_ru_execution` (`ID_`) ON DELETE CASCADE ON UPDATE CASCADE,
  CONSTRAINT `ACT_FK_EXE_SUPER` FOREIGN KEY (`SUPER_EXEC_`) REFERENCES `act_ru_execution` (`ID_`) ON DELETE CASCADE ON UPDATE RESTRICT
) ENGINE = InnoDB CHARACTER SET = utf8 COLLATE = utf8_bin ROW_FORMAT = Dynamic;

-- ----------------------------
-- Records of act_ru_execution
-- ----------------------------
INSERT INTO `act_ru_execution` VALUES ('12512', 1, '12512', NULL, NULL, 'ClueReview:2:12508', NULL, '12512', NULL, 1, 0, 1, 0, 0, 1, NULL, '', NULL, 'startEvent1', '2019-07-03 17:30:01.114', NULL, NULL, 1, 0, 0, 0, 0, 0, 0, 0, 0, NULL, NULL);
INSERT INTO `act_ru_execution` VALUES ('12513', 2, '12512', NULL, '12512', 'ClueReview:2:12508', NULL, '12512', 'sid-CC4A6051-5011-4E76-966B-13F5F8A24C99', 1, 0, 0, 0, 0, 1, NULL, '', NULL, NULL, '2019-07-03 17:30:01.114', NULL, NULL, 1, 0, 1, 0, 0, 0, 0, 0, 0, NULL, NULL);
INSERT INTO `act_ru_execution` VALUES ('15005', 1, '15005', '1000', NULL, 'ClueReview:3:15004', NULL, '15005', NULL, 1, 0, 1, 0, 0, 1, NULL, '', NULL, 'startEvent1', '2019-07-09 08:31:23.442', NULL, NULL, 1, 0, 0, 0, 0, 0, 0, 0, 0, NULL, NULL);
INSERT INTO `act_ru_execution` VALUES ('15006', 1, '15005', NULL, '15005', 'ClueReview:3:15004', NULL, '15005', 'sid-C8E16093-E5E9-434E-918D-5136EBE142D2', 1, 0, 0, 0, 0, 1, NULL, '', NULL, NULL, '2019-07-09 08:31:23.444', NULL, NULL, 1, 0, 1, 0, 0, 0, 0, 0, 0, NULL, NULL);
INSERT INTO `act_ru_execution` VALUES ('22501', 1, '22501', '', NULL, 'ClueReview:3:15004', NULL, '22501', NULL, 1, 0, 1, 0, 0, 1, NULL, '', NULL, 'startEvent1', '2019-07-09 09:02:05.059', '19', NULL, 1, 0, 0, 0, 0, 0, 0, 0, 0, NULL, NULL);
INSERT INTO `act_ru_execution` VALUES ('22503', 1, '22501', NULL, '22501', 'ClueReview:3:15004', NULL, '22501', 'sid-C8E16093-E5E9-434E-918D-5136EBE142D2', 1, 0, 0, 0, 0, 1, NULL, '', NULL, NULL, '2019-07-09 09:02:05.187', NULL, NULL, 1, 0, 1, 0, 0, 0, 0, 0, 0, NULL, NULL);
INSERT INTO `act_ru_execution` VALUES ('22511', 1, '22511', '11111', NULL, 'ClueReview:3:15004', NULL, '22511', NULL, 1, 0, 1, 0, 0, 1, NULL, '', NULL, 'startEvent1', '2019-07-09 09:05:02.776', '19', NULL, 1, 0, 0, 0, 0, 0, 0, 0, 0, NULL, NULL);
INSERT INTO `act_ru_execution` VALUES ('22513', 1, '22511', NULL, '22511', 'ClueReview:3:15004', NULL, '22511', 'sid-C8E16093-E5E9-434E-918D-5136EBE142D2', 1, 0, 0, 0, 0, 1, NULL, '', NULL, NULL, '2019-07-09 09:05:02.776', NULL, NULL, 1, 0, 1, 0, 0, 0, 0, 0, 0, NULL, NULL);

-- ----------------------------
-- Table structure for act_ru_history_job
-- ----------------------------
DROP TABLE IF EXISTS `act_ru_history_job`;
CREATE TABLE `act_ru_history_job`  (
  `ID_` varchar(64) CHARACTER SET utf8 COLLATE utf8_bin NOT NULL,
  `REV_` int(11) NULL DEFAULT NULL,
  `LOCK_EXP_TIME_` timestamp(3) NULL DEFAULT NULL,
  `LOCK_OWNER_` varchar(255) CHARACTER SET utf8 COLLATE utf8_bin NULL DEFAULT NULL,
  `RETRIES_` int(11) NULL DEFAULT NULL,
  `EXCEPTION_STACK_ID_` varchar(64) CHARACTER SET utf8 COLLATE utf8_bin NULL DEFAULT NULL,
  `EXCEPTION_MSG_` varchar(4000) CHARACTER SET utf8 COLLATE utf8_bin NULL DEFAULT NULL,
  `HANDLER_TYPE_` varchar(255) CHARACTER SET utf8 COLLATE utf8_bin NULL DEFAULT NULL,
  `HANDLER_CFG_` varchar(4000) CHARACTER SET utf8 COLLATE utf8_bin NULL DEFAULT NULL,
  `CUSTOM_VALUES_ID_` varchar(64) CHARACTER SET utf8 COLLATE utf8_bin NULL DEFAULT NULL,
  `ADV_HANDLER_CFG_ID_` varchar(64) CHARACTER SET utf8 COLLATE utf8_bin NULL DEFAULT NULL,
  `CREATE_TIME_` timestamp(3) NULL DEFAULT NULL,
  `SCOPE_TYPE_` varchar(255) CHARACTER SET utf8 COLLATE utf8_bin NULL DEFAULT NULL,
  `TENANT_ID_` varchar(255) CHARACTER SET utf8 COLLATE utf8_bin NULL DEFAULT '',
  PRIMARY KEY (`ID_`) USING BTREE
) ENGINE = InnoDB CHARACTER SET = utf8 COLLATE = utf8_bin ROW_FORMAT = Dynamic;

-- ----------------------------
-- Records of act_ru_history_job
-- ----------------------------

-- ----------------------------
-- Table structure for act_ru_identitylink
-- ----------------------------
DROP TABLE IF EXISTS `act_ru_identitylink`;
CREATE TABLE `act_ru_identitylink`  (
  `ID_` varchar(64) CHARACTER SET utf8 COLLATE utf8_bin NOT NULL,
  `REV_` int(11) NULL DEFAULT NULL,
  `GROUP_ID_` varchar(255) CHARACTER SET utf8 COLLATE utf8_bin NULL DEFAULT NULL,
  `TYPE_` varchar(255) CHARACTER SET utf8 COLLATE utf8_bin NULL DEFAULT NULL,
  `USER_ID_` varchar(255) CHARACTER SET utf8 COLLATE utf8_bin NULL DEFAULT NULL,
  `TASK_ID_` varchar(64) CHARACTER SET utf8 COLLATE utf8_bin NULL DEFAULT NULL,
  `PROC_INST_ID_` varchar(64) CHARACTER SET utf8 COLLATE utf8_bin NULL DEFAULT NULL,
  `PROC_DEF_ID_` varchar(64) CHARACTER SET utf8 COLLATE utf8_bin NULL DEFAULT NULL,
  `SCOPE_ID_` varchar(255) CHARACTER SET utf8 COLLATE utf8_bin NULL DEFAULT NULL,
  `SCOPE_TYPE_` varchar(255) CHARACTER SET utf8 COLLATE utf8_bin NULL DEFAULT NULL,
  `SCOPE_DEFINITION_ID_` varchar(255) CHARACTER SET utf8 COLLATE utf8_bin NULL DEFAULT NULL,
  PRIMARY KEY (`ID_`) USING BTREE,
  INDEX `ACT_IDX_IDENT_LNK_USER`(`USER_ID_`) USING BTREE,
  INDEX `ACT_IDX_IDENT_LNK_GROUP`(`GROUP_ID_`) USING BTREE,
  INDEX `ACT_IDX_IDENT_LNK_SCOPE`(`SCOPE_ID_`, `SCOPE_TYPE_`) USING BTREE,
  INDEX `ACT_IDX_IDENT_LNK_SCOPE_DEF`(`SCOPE_DEFINITION_ID_`, `SCOPE_TYPE_`) USING BTREE,
  INDEX `ACT_IDX_ATHRZ_PROCEDEF`(`PROC_DEF_ID_`) USING BTREE,
  INDEX `ACT_FK_TSKASS_TASK`(`TASK_ID_`) USING BTREE,
  INDEX `ACT_FK_IDL_PROCINST`(`PROC_INST_ID_`) USING BTREE,
  CONSTRAINT `ACT_FK_ATHRZ_PROCEDEF` FOREIGN KEY (`PROC_DEF_ID_`) REFERENCES `act_re_procdef` (`ID_`) ON DELETE RESTRICT ON UPDATE RESTRICT,
  CONSTRAINT `ACT_FK_IDL_PROCINST` FOREIGN KEY (`PROC_INST_ID_`) REFERENCES `act_ru_execution` (`ID_`) ON DELETE RESTRICT ON UPDATE RESTRICT,
  CONSTRAINT `ACT_FK_TSKASS_TASK` FOREIGN KEY (`TASK_ID_`) REFERENCES `act_ru_task` (`ID_`) ON DELETE RESTRICT ON UPDATE RESTRICT
) ENGINE = InnoDB CHARACTER SET = utf8 COLLATE = utf8_bin ROW_FORMAT = Dynamic;

-- ----------------------------
-- Records of act_ru_identitylink
-- ----------------------------
INSERT INTO `act_ru_identitylink` VALUES ('12525', 1, 'LetterClueReview:fgfsj', 'candidate', NULL, '12524', NULL, NULL, NULL, NULL, NULL);
INSERT INTO `act_ru_identitylink` VALUES ('15013', 1, 'LetterClueReview:bwld', 'candidate', NULL, '15012', NULL, NULL, NULL, NULL, NULL);
INSERT INTO `act_ru_identitylink` VALUES ('22502', 1, NULL, 'starter', '19', NULL, '22501', NULL, NULL, NULL, NULL);
INSERT INTO `act_ru_identitylink` VALUES ('22510', 1, 'LetterClueReview:bwld', 'candidate', NULL, '22509', NULL, NULL, NULL, NULL, NULL);
INSERT INTO `act_ru_identitylink` VALUES ('22512', 1, NULL, 'starter', '19', NULL, '22511', NULL, NULL, NULL, NULL);
INSERT INTO `act_ru_identitylink` VALUES ('22520', 1, 'LetterClueReview:bwld', 'candidate', NULL, '22519', NULL, NULL, NULL, NULL, NULL);

-- ----------------------------
-- Table structure for act_ru_job
-- ----------------------------
DROP TABLE IF EXISTS `act_ru_job`;
CREATE TABLE `act_ru_job`  (
  `ID_` varchar(64) CHARACTER SET utf8 COLLATE utf8_bin NOT NULL,
  `REV_` int(11) NULL DEFAULT NULL,
  `TYPE_` varchar(255) CHARACTER SET utf8 COLLATE utf8_bin NOT NULL,
  `LOCK_EXP_TIME_` timestamp(3) NULL DEFAULT NULL,
  `LOCK_OWNER_` varchar(255) CHARACTER SET utf8 COLLATE utf8_bin NULL DEFAULT NULL,
  `EXCLUSIVE_` tinyint(1) NULL DEFAULT NULL,
  `EXECUTION_ID_` varchar(64) CHARACTER SET utf8 COLLATE utf8_bin NULL DEFAULT NULL,
  `PROCESS_INSTANCE_ID_` varchar(64) CHARACTER SET utf8 COLLATE utf8_bin NULL DEFAULT NULL,
  `PROC_DEF_ID_` varchar(64) CHARACTER SET utf8 COLLATE utf8_bin NULL DEFAULT NULL,
  `SCOPE_ID_` varchar(255) CHARACTER SET utf8 COLLATE utf8_bin NULL DEFAULT NULL,
  `SUB_SCOPE_ID_` varchar(255) CHARACTER SET utf8 COLLATE utf8_bin NULL DEFAULT NULL,
  `SCOPE_TYPE_` varchar(255) CHARACTER SET utf8 COLLATE utf8_bin NULL DEFAULT NULL,
  `SCOPE_DEFINITION_ID_` varchar(255) CHARACTER SET utf8 COLLATE utf8_bin NULL DEFAULT NULL,
  `RETRIES_` int(11) NULL DEFAULT NULL,
  `EXCEPTION_STACK_ID_` varchar(64) CHARACTER SET utf8 COLLATE utf8_bin NULL DEFAULT NULL,
  `EXCEPTION_MSG_` varchar(4000) CHARACTER SET utf8 COLLATE utf8_bin NULL DEFAULT NULL,
  `DUEDATE_` timestamp(3) NULL DEFAULT NULL,
  `REPEAT_` varchar(255) CHARACTER SET utf8 COLLATE utf8_bin NULL DEFAULT NULL,
  `HANDLER_TYPE_` varchar(255) CHARACTER SET utf8 COLLATE utf8_bin NULL DEFAULT NULL,
  `HANDLER_CFG_` varchar(4000) CHARACTER SET utf8 COLLATE utf8_bin NULL DEFAULT NULL,
  `CUSTOM_VALUES_ID_` varchar(64) CHARACTER SET utf8 COLLATE utf8_bin NULL DEFAULT NULL,
  `CREATE_TIME_` timestamp(3) NULL DEFAULT NULL,
  `TENANT_ID_` varchar(255) CHARACTER SET utf8 COLLATE utf8_bin NULL DEFAULT '',
  PRIMARY KEY (`ID_`) USING BTREE,
  INDEX `ACT_IDX_JOB_EXCEPTION_STACK_ID`(`EXCEPTION_STACK_ID_`) USING BTREE,
  INDEX `ACT_IDX_JOB_CUSTOM_VALUES_ID`(`CUSTOM_VALUES_ID_`) USING BTREE,
  INDEX `ACT_IDX_JOB_SCOPE`(`SCOPE_ID_`, `SCOPE_TYPE_`) USING BTREE,
  INDEX `ACT_IDX_JOB_SUB_SCOPE`(`SUB_SCOPE_ID_`, `SCOPE_TYPE_`) USING BTREE,
  INDEX `ACT_IDX_JOB_SCOPE_DEF`(`SCOPE_DEFINITION_ID_`, `SCOPE_TYPE_`) USING BTREE,
  INDEX `ACT_FK_JOB_EXECUTION`(`EXECUTION_ID_`) USING BTREE,
  INDEX `ACT_FK_JOB_PROCESS_INSTANCE`(`PROCESS_INSTANCE_ID_`) USING BTREE,
  INDEX `ACT_FK_JOB_PROC_DEF`(`PROC_DEF_ID_`) USING BTREE,
  CONSTRAINT `ACT_FK_JOB_CUSTOM_VALUES` FOREIGN KEY (`CUSTOM_VALUES_ID_`) REFERENCES `act_ge_bytearray` (`ID_`) ON DELETE RESTRICT ON UPDATE RESTRICT,
  CONSTRAINT `ACT_FK_JOB_EXCEPTION` FOREIGN KEY (`EXCEPTION_STACK_ID_`) REFERENCES `act_ge_bytearray` (`ID_`) ON DELETE RESTRICT ON UPDATE RESTRICT,
  CONSTRAINT `ACT_FK_JOB_EXECUTION` FOREIGN KEY (`EXECUTION_ID_`) REFERENCES `act_ru_execution` (`ID_`) ON DELETE RESTRICT ON UPDATE RESTRICT,
  CONSTRAINT `ACT_FK_JOB_PROCESS_INSTANCE` FOREIGN KEY (`PROCESS_INSTANCE_ID_`) REFERENCES `act_ru_execution` (`ID_`) ON DELETE RESTRICT ON UPDATE RESTRICT,
  CONSTRAINT `ACT_FK_JOB_PROC_DEF` FOREIGN KEY (`PROC_DEF_ID_`) REFERENCES `act_re_procdef` (`ID_`) ON DELETE RESTRICT ON UPDATE RESTRICT
) ENGINE = InnoDB CHARACTER SET = utf8 COLLATE = utf8_bin ROW_FORMAT = Dynamic;

-- ----------------------------
-- Records of act_ru_job
-- ----------------------------

-- ----------------------------
-- Table structure for act_ru_suspended_job
-- ----------------------------
DROP TABLE IF EXISTS `act_ru_suspended_job`;
CREATE TABLE `act_ru_suspended_job`  (
  `ID_` varchar(64) CHARACTER SET utf8 COLLATE utf8_bin NOT NULL,
  `REV_` int(11) NULL DEFAULT NULL,
  `TYPE_` varchar(255) CHARACTER SET utf8 COLLATE utf8_bin NOT NULL,
  `EXCLUSIVE_` tinyint(1) NULL DEFAULT NULL,
  `EXECUTION_ID_` varchar(64) CHARACTER SET utf8 COLLATE utf8_bin NULL DEFAULT NULL,
  `PROCESS_INSTANCE_ID_` varchar(64) CHARACTER SET utf8 COLLATE utf8_bin NULL DEFAULT NULL,
  `PROC_DEF_ID_` varchar(64) CHARACTER SET utf8 COLLATE utf8_bin NULL DEFAULT NULL,
  `SCOPE_ID_` varchar(255) CHARACTER SET utf8 COLLATE utf8_bin NULL DEFAULT NULL,
  `SUB_SCOPE_ID_` varchar(255) CHARACTER SET utf8 COLLATE utf8_bin NULL DEFAULT NULL,
  `SCOPE_TYPE_` varchar(255) CHARACTER SET utf8 COLLATE utf8_bin NULL DEFAULT NULL,
  `SCOPE_DEFINITION_ID_` varchar(255) CHARACTER SET utf8 COLLATE utf8_bin NULL DEFAULT NULL,
  `RETRIES_` int(11) NULL DEFAULT NULL,
  `EXCEPTION_STACK_ID_` varchar(64) CHARACTER SET utf8 COLLATE utf8_bin NULL DEFAULT NULL,
  `EXCEPTION_MSG_` varchar(4000) CHARACTER SET utf8 COLLATE utf8_bin NULL DEFAULT NULL,
  `DUEDATE_` timestamp(3) NULL DEFAULT NULL,
  `REPEAT_` varchar(255) CHARACTER SET utf8 COLLATE utf8_bin NULL DEFAULT NULL,
  `HANDLER_TYPE_` varchar(255) CHARACTER SET utf8 COLLATE utf8_bin NULL DEFAULT NULL,
  `HANDLER_CFG_` varchar(4000) CHARACTER SET utf8 COLLATE utf8_bin NULL DEFAULT NULL,
  `CUSTOM_VALUES_ID_` varchar(64) CHARACTER SET utf8 COLLATE utf8_bin NULL DEFAULT NULL,
  `CREATE_TIME_` timestamp(3) NULL DEFAULT NULL,
  `TENANT_ID_` varchar(255) CHARACTER SET utf8 COLLATE utf8_bin NULL DEFAULT '',
  PRIMARY KEY (`ID_`) USING BTREE,
  INDEX `ACT_IDX_SUSPENDED_JOB_EXCEPTION_STACK_ID`(`EXCEPTION_STACK_ID_`) USING BTREE,
  INDEX `ACT_IDX_SUSPENDED_JOB_CUSTOM_VALUES_ID`(`CUSTOM_VALUES_ID_`) USING BTREE,
  INDEX `ACT_IDX_SJOB_SCOPE`(`SCOPE_ID_`, `SCOPE_TYPE_`) USING BTREE,
  INDEX `ACT_IDX_SJOB_SUB_SCOPE`(`SUB_SCOPE_ID_`, `SCOPE_TYPE_`) USING BTREE,
  INDEX `ACT_IDX_SJOB_SCOPE_DEF`(`SCOPE_DEFINITION_ID_`, `SCOPE_TYPE_`) USING BTREE,
  INDEX `ACT_FK_SUSPENDED_JOB_EXECUTION`(`EXECUTION_ID_`) USING BTREE,
  INDEX `ACT_FK_SUSPENDED_JOB_PROCESS_INSTANCE`(`PROCESS_INSTANCE_ID_`) USING BTREE,
  INDEX `ACT_FK_SUSPENDED_JOB_PROC_DEF`(`PROC_DEF_ID_`) USING BTREE,
  CONSTRAINT `ACT_FK_SUSPENDED_JOB_CUSTOM_VALUES` FOREIGN KEY (`CUSTOM_VALUES_ID_`) REFERENCES `act_ge_bytearray` (`ID_`) ON DELETE RESTRICT ON UPDATE RESTRICT,
  CONSTRAINT `ACT_FK_SUSPENDED_JOB_EXCEPTION` FOREIGN KEY (`EXCEPTION_STACK_ID_`) REFERENCES `act_ge_bytearray` (`ID_`) ON DELETE RESTRICT ON UPDATE RESTRICT,
  CONSTRAINT `ACT_FK_SUSPENDED_JOB_EXECUTION` FOREIGN KEY (`EXECUTION_ID_`) REFERENCES `act_ru_execution` (`ID_`) ON DELETE RESTRICT ON UPDATE RESTRICT,
  CONSTRAINT `ACT_FK_SUSPENDED_JOB_PROCESS_INSTANCE` FOREIGN KEY (`PROCESS_INSTANCE_ID_`) REFERENCES `act_ru_execution` (`ID_`) ON DELETE RESTRICT ON UPDATE RESTRICT,
  CONSTRAINT `ACT_FK_SUSPENDED_JOB_PROC_DEF` FOREIGN KEY (`PROC_DEF_ID_`) REFERENCES `act_re_procdef` (`ID_`) ON DELETE RESTRICT ON UPDATE RESTRICT
) ENGINE = InnoDB CHARACTER SET = utf8 COLLATE = utf8_bin ROW_FORMAT = Dynamic;

-- ----------------------------
-- Records of act_ru_suspended_job
-- ----------------------------

-- ----------------------------
-- Table structure for act_ru_task
-- ----------------------------
DROP TABLE IF EXISTS `act_ru_task`;
CREATE TABLE `act_ru_task`  (
  `ID_` varchar(64) CHARACTER SET utf8 COLLATE utf8_bin NOT NULL,
  `REV_` int(11) NULL DEFAULT NULL,
  `EXECUTION_ID_` varchar(64) CHARACTER SET utf8 COLLATE utf8_bin NULL DEFAULT NULL,
  `PROC_INST_ID_` varchar(64) CHARACTER SET utf8 COLLATE utf8_bin NULL DEFAULT NULL,
  `PROC_DEF_ID_` varchar(64) CHARACTER SET utf8 COLLATE utf8_bin NULL DEFAULT NULL,
  `TASK_DEF_ID_` varchar(64) CHARACTER SET utf8 COLLATE utf8_bin NULL DEFAULT NULL,
  `SCOPE_ID_` varchar(255) CHARACTER SET utf8 COLLATE utf8_bin NULL DEFAULT NULL,
  `SUB_SCOPE_ID_` varchar(255) CHARACTER SET utf8 COLLATE utf8_bin NULL DEFAULT NULL,
  `SCOPE_TYPE_` varchar(255) CHARACTER SET utf8 COLLATE utf8_bin NULL DEFAULT NULL,
  `SCOPE_DEFINITION_ID_` varchar(255) CHARACTER SET utf8 COLLATE utf8_bin NULL DEFAULT NULL,
  `NAME_` varchar(255) CHARACTER SET utf8 COLLATE utf8_bin NULL DEFAULT NULL,
  `PARENT_TASK_ID_` varchar(64) CHARACTER SET utf8 COLLATE utf8_bin NULL DEFAULT NULL,
  `DESCRIPTION_` varchar(4000) CHARACTER SET utf8 COLLATE utf8_bin NULL DEFAULT NULL,
  `TASK_DEF_KEY_` varchar(255) CHARACTER SET utf8 COLLATE utf8_bin NULL DEFAULT NULL,
  `OWNER_` varchar(255) CHARACTER SET utf8 COLLATE utf8_bin NULL DEFAULT NULL,
  `ASSIGNEE_` varchar(255) CHARACTER SET utf8 COLLATE utf8_bin NULL DEFAULT NULL,
  `DELEGATION_` varchar(64) CHARACTER SET utf8 COLLATE utf8_bin NULL DEFAULT NULL,
  `PRIORITY_` int(11) NULL DEFAULT NULL,
  `CREATE_TIME_` timestamp(3) NULL DEFAULT NULL,
  `DUE_DATE_` datetime(3) NULL DEFAULT NULL,
  `CATEGORY_` varchar(255) CHARACTER SET utf8 COLLATE utf8_bin NULL DEFAULT NULL,
  `SUSPENSION_STATE_` int(11) NULL DEFAULT NULL,
  `TENANT_ID_` varchar(255) CHARACTER SET utf8 COLLATE utf8_bin NULL DEFAULT '',
  `FORM_KEY_` varchar(255) CHARACTER SET utf8 COLLATE utf8_bin NULL DEFAULT NULL,
  `CLAIM_TIME_` datetime(3) NULL DEFAULT NULL,
  `IS_COUNT_ENABLED_` tinyint(4) NULL DEFAULT NULL,
  `VAR_COUNT_` int(11) NULL DEFAULT NULL,
  `ID_LINK_COUNT_` int(11) NULL DEFAULT NULL,
  `SUB_TASK_COUNT_` int(11) NULL DEFAULT NULL,
  PRIMARY KEY (`ID_`) USING BTREE,
  INDEX `ACT_IDX_TASK_CREATE`(`CREATE_TIME_`) USING BTREE,
  INDEX `ACT_IDX_TASK_SCOPE`(`SCOPE_ID_`, `SCOPE_TYPE_`) USING BTREE,
  INDEX `ACT_IDX_TASK_SUB_SCOPE`(`SUB_SCOPE_ID_`, `SCOPE_TYPE_`) USING BTREE,
  INDEX `ACT_IDX_TASK_SCOPE_DEF`(`SCOPE_DEFINITION_ID_`, `SCOPE_TYPE_`) USING BTREE,
  INDEX `ACT_FK_TASK_EXE`(`EXECUTION_ID_`) USING BTREE,
  INDEX `ACT_FK_TASK_PROCINST`(`PROC_INST_ID_`) USING BTREE,
  INDEX `ACT_FK_TASK_PROCDEF`(`PROC_DEF_ID_`) USING BTREE,
  CONSTRAINT `ACT_FK_TASK_EXE` FOREIGN KEY (`EXECUTION_ID_`) REFERENCES `act_ru_execution` (`ID_`) ON DELETE RESTRICT ON UPDATE RESTRICT,
  CONSTRAINT `ACT_FK_TASK_PROCDEF` FOREIGN KEY (`PROC_DEF_ID_`) REFERENCES `act_re_procdef` (`ID_`) ON DELETE RESTRICT ON UPDATE RESTRICT,
  CONSTRAINT `ACT_FK_TASK_PROCINST` FOREIGN KEY (`PROC_INST_ID_`) REFERENCES `act_ru_execution` (`ID_`) ON DELETE RESTRICT ON UPDATE RESTRICT
) ENGINE = InnoDB CHARACTER SET = utf8 COLLATE = utf8_bin ROW_FORMAT = Dynamic;

-- ----------------------------
-- Records of act_ru_task
-- ----------------------------
INSERT INTO `act_ru_task` VALUES ('12524', 1, '12513', '12512', 'ClueReview:2:12508', NULL, NULL, NULL, NULL, NULL, '', NULL, NULL, 'sid-CC4A6051-5011-4E76-966B-13F5F8A24C99', NULL, NULL, NULL, 50, '2019-07-03 17:36:38.610', NULL, NULL, 1, '', NULL, NULL, 1, 0, 1, 0);
INSERT INTO `act_ru_task` VALUES ('15012', 1, '15006', '15005', 'ClueReview:3:15004', NULL, NULL, NULL, NULL, NULL, '', NULL, NULL, 'sid-C8E16093-E5E9-434E-918D-5136EBE142D2', NULL, NULL, NULL, 50, '2019-07-09 08:31:23.460', NULL, NULL, 1, '', 'bwld', NULL, 1, 0, 1, 0);
INSERT INTO `act_ru_task` VALUES ('22509', 1, '22503', '22501', 'ClueReview:3:15004', NULL, NULL, NULL, NULL, NULL, '', NULL, NULL, 'sid-C8E16093-E5E9-434E-918D-5136EBE142D2', NULL, NULL, NULL, 50, '2019-07-09 09:02:05.202', NULL, NULL, 1, '', 'bwld', NULL, 1, 0, 1, 0);
INSERT INTO `act_ru_task` VALUES ('22519', 1, '22513', '22511', 'ClueReview:3:15004', NULL, NULL, NULL, NULL, NULL, '', NULL, NULL, 'sid-C8E16093-E5E9-434E-918D-5136EBE142D2', NULL, NULL, NULL, 50, '2019-07-09 09:05:02.779', NULL, NULL, 1, '', 'bwld', NULL, 1, 0, 1, 0);

-- ----------------------------
-- Table structure for act_ru_timer_job
-- ----------------------------
DROP TABLE IF EXISTS `act_ru_timer_job`;
CREATE TABLE `act_ru_timer_job`  (
  `ID_` varchar(64) CHARACTER SET utf8 COLLATE utf8_bin NOT NULL,
  `REV_` int(11) NULL DEFAULT NULL,
  `TYPE_` varchar(255) CHARACTER SET utf8 COLLATE utf8_bin NOT NULL,
  `LOCK_EXP_TIME_` timestamp(3) NULL DEFAULT NULL,
  `LOCK_OWNER_` varchar(255) CHARACTER SET utf8 COLLATE utf8_bin NULL DEFAULT NULL,
  `EXCLUSIVE_` tinyint(1) NULL DEFAULT NULL,
  `EXECUTION_ID_` varchar(64) CHARACTER SET utf8 COLLATE utf8_bin NULL DEFAULT NULL,
  `PROCESS_INSTANCE_ID_` varchar(64) CHARACTER SET utf8 COLLATE utf8_bin NULL DEFAULT NULL,
  `PROC_DEF_ID_` varchar(64) CHARACTER SET utf8 COLLATE utf8_bin NULL DEFAULT NULL,
  `SCOPE_ID_` varchar(255) CHARACTER SET utf8 COLLATE utf8_bin NULL DEFAULT NULL,
  `SUB_SCOPE_ID_` varchar(255) CHARACTER SET utf8 COLLATE utf8_bin NULL DEFAULT NULL,
  `SCOPE_TYPE_` varchar(255) CHARACTER SET utf8 COLLATE utf8_bin NULL DEFAULT NULL,
  `SCOPE_DEFINITION_ID_` varchar(255) CHARACTER SET utf8 COLLATE utf8_bin NULL DEFAULT NULL,
  `RETRIES_` int(11) NULL DEFAULT NULL,
  `EXCEPTION_STACK_ID_` varchar(64) CHARACTER SET utf8 COLLATE utf8_bin NULL DEFAULT NULL,
  `EXCEPTION_MSG_` varchar(4000) CHARACTER SET utf8 COLLATE utf8_bin NULL DEFAULT NULL,
  `DUEDATE_` timestamp(3) NULL DEFAULT NULL,
  `REPEAT_` varchar(255) CHARACTER SET utf8 COLLATE utf8_bin NULL DEFAULT NULL,
  `HANDLER_TYPE_` varchar(255) CHARACTER SET utf8 COLLATE utf8_bin NULL DEFAULT NULL,
  `HANDLER_CFG_` varchar(4000) CHARACTER SET utf8 COLLATE utf8_bin NULL DEFAULT NULL,
  `CUSTOM_VALUES_ID_` varchar(64) CHARACTER SET utf8 COLLATE utf8_bin NULL DEFAULT NULL,
  `CREATE_TIME_` timestamp(3) NULL DEFAULT NULL,
  `TENANT_ID_` varchar(255) CHARACTER SET utf8 COLLATE utf8_bin NULL DEFAULT '',
  PRIMARY KEY (`ID_`) USING BTREE,
  INDEX `ACT_IDX_TIMER_JOB_EXCEPTION_STACK_ID`(`EXCEPTION_STACK_ID_`) USING BTREE,
  INDEX `ACT_IDX_TIMER_JOB_CUSTOM_VALUES_ID`(`CUSTOM_VALUES_ID_`) USING BTREE,
  INDEX `ACT_IDX_TJOB_SCOPE`(`SCOPE_ID_`, `SCOPE_TYPE_`) USING BTREE,
  INDEX `ACT_IDX_TJOB_SUB_SCOPE`(`SUB_SCOPE_ID_`, `SCOPE_TYPE_`) USING BTREE,
  INDEX `ACT_IDX_TJOB_SCOPE_DEF`(`SCOPE_DEFINITION_ID_`, `SCOPE_TYPE_`) USING BTREE,
  INDEX `ACT_FK_TIMER_JOB_EXECUTION`(`EXECUTION_ID_`) USING BTREE,
  INDEX `ACT_FK_TIMER_JOB_PROCESS_INSTANCE`(`PROCESS_INSTANCE_ID_`) USING BTREE,
  INDEX `ACT_FK_TIMER_JOB_PROC_DEF`(`PROC_DEF_ID_`) USING BTREE,
  CONSTRAINT `ACT_FK_TIMER_JOB_CUSTOM_VALUES` FOREIGN KEY (`CUSTOM_VALUES_ID_`) REFERENCES `act_ge_bytearray` (`ID_`) ON DELETE RESTRICT ON UPDATE RESTRICT,
  CONSTRAINT `ACT_FK_TIMER_JOB_EXCEPTION` FOREIGN KEY (`EXCEPTION_STACK_ID_`) REFERENCES `act_ge_bytearray` (`ID_`) ON DELETE RESTRICT ON UPDATE RESTRICT,
  CONSTRAINT `ACT_FK_TIMER_JOB_EXECUTION` FOREIGN KEY (`EXECUTION_ID_`) REFERENCES `act_ru_execution` (`ID_`) ON DELETE RESTRICT ON UPDATE RESTRICT,
  CONSTRAINT `ACT_FK_TIMER_JOB_PROCESS_INSTANCE` FOREIGN KEY (`PROCESS_INSTANCE_ID_`) REFERENCES `act_ru_execution` (`ID_`) ON DELETE RESTRICT ON UPDATE RESTRICT,
  CONSTRAINT `ACT_FK_TIMER_JOB_PROC_DEF` FOREIGN KEY (`PROC_DEF_ID_`) REFERENCES `act_re_procdef` (`ID_`) ON DELETE RESTRICT ON UPDATE RESTRICT
) ENGINE = InnoDB CHARACTER SET = utf8 COLLATE = utf8_bin ROW_FORMAT = Dynamic;

-- ----------------------------
-- Records of act_ru_timer_job
-- ----------------------------

-- ----------------------------
-- Table structure for act_ru_variable
-- ----------------------------
DROP TABLE IF EXISTS `act_ru_variable`;
CREATE TABLE `act_ru_variable`  (
  `ID_` varchar(64) CHARACTER SET utf8 COLLATE utf8_bin NOT NULL,
  `REV_` int(11) NULL DEFAULT NULL,
  `TYPE_` varchar(255) CHARACTER SET utf8 COLLATE utf8_bin NOT NULL,
  `NAME_` varchar(255) CHARACTER SET utf8 COLLATE utf8_bin NOT NULL,
  `EXECUTION_ID_` varchar(64) CHARACTER SET utf8 COLLATE utf8_bin NULL DEFAULT NULL,
  `PROC_INST_ID_` varchar(64) CHARACTER SET utf8 COLLATE utf8_bin NULL DEFAULT NULL,
  `TASK_ID_` varchar(64) CHARACTER SET utf8 COLLATE utf8_bin NULL DEFAULT NULL,
  `SCOPE_ID_` varchar(255) CHARACTER SET utf8 COLLATE utf8_bin NULL DEFAULT NULL,
  `SUB_SCOPE_ID_` varchar(255) CHARACTER SET utf8 COLLATE utf8_bin NULL DEFAULT NULL,
  `SCOPE_TYPE_` varchar(255) CHARACTER SET utf8 COLLATE utf8_bin NULL DEFAULT NULL,
  `BYTEARRAY_ID_` varchar(64) CHARACTER SET utf8 COLLATE utf8_bin NULL DEFAULT NULL,
  `DOUBLE_` double NULL DEFAULT NULL,
  `LONG_` bigint(20) NULL DEFAULT NULL,
  `TEXT_` varchar(4000) CHARACTER SET utf8 COLLATE utf8_bin NULL DEFAULT NULL,
  `TEXT2_` varchar(4000) CHARACTER SET utf8 COLLATE utf8_bin NULL DEFAULT NULL,
  PRIMARY KEY (`ID_`) USING BTREE,
  INDEX `ACT_IDX_RU_VAR_SCOPE_ID_TYPE`(`SCOPE_ID_`, `SCOPE_TYPE_`) USING BTREE,
  INDEX `ACT_IDX_RU_VAR_SUB_ID_TYPE`(`SUB_SCOPE_ID_`, `SCOPE_TYPE_`) USING BTREE,
  INDEX `ACT_FK_VAR_BYTEARRAY`(`BYTEARRAY_ID_`) USING BTREE,
  INDEX `ACT_IDX_VARIABLE_TASK_ID`(`TASK_ID_`) USING BTREE,
  INDEX `ACT_FK_VAR_EXE`(`EXECUTION_ID_`) USING BTREE,
  INDEX `ACT_FK_VAR_PROCINST`(`PROC_INST_ID_`) USING BTREE,
  CONSTRAINT `ACT_FK_VAR_BYTEARRAY` FOREIGN KEY (`BYTEARRAY_ID_`) REFERENCES `act_ge_bytearray` (`ID_`) ON DELETE RESTRICT ON UPDATE RESTRICT,
  CONSTRAINT `ACT_FK_VAR_EXE` FOREIGN KEY (`EXECUTION_ID_`) REFERENCES `act_ru_execution` (`ID_`) ON DELETE RESTRICT ON UPDATE RESTRICT,
  CONSTRAINT `ACT_FK_VAR_PROCINST` FOREIGN KEY (`PROC_INST_ID_`) REFERENCES `act_ru_execution` (`ID_`) ON DELETE RESTRICT ON UPDATE RESTRICT
) ENGINE = InnoDB CHARACTER SET = utf8 COLLATE = utf8_bin ROW_FORMAT = Dynamic;

-- ----------------------------
-- Records of act_ru_variable
-- ----------------------------
INSERT INTO `act_ru_variable` VALUES ('12516', 1, 'string', 'title', '12512', '12512', NULL, NULL, NULL, NULL, NULL, NULL, NULL, 'XXX', NULL);
INSERT INTO `act_ru_variable` VALUES ('12521', 1, 'string', 'bwld_content', '12512', '12512', NULL, NULL, NULL, NULL, NULL, NULL, NULL, '', NULL);
INSERT INTO `act_ru_variable` VALUES ('15009', 1, 'string', 'title', '15005', '15005', NULL, NULL, NULL, NULL, NULL, NULL, NULL, '', NULL);
INSERT INTO `act_ru_variable` VALUES ('22506', 1, 'string', 'title', '22501', '22501', NULL, NULL, NULL, NULL, NULL, NULL, NULL, '', NULL);
INSERT INTO `act_ru_variable` VALUES ('22516', 1, 'string', 'title', '22511', '22511', NULL, NULL, NULL, NULL, NULL, NULL, NULL, '', NULL);

SET FOREIGN_KEY_CHECKS = 1;
